date,volume,close,MA20,RSI,MACD,MACD_Signal,MACD_Hist
2025-11-06,26169600,0.0,31.69,10.68,-4.605,-2.097,-2.508
2025-11-05,32145600,27.05,33.6,30.5,-2.364,-1.47,-0.894
2025-11-04,63196200,27.85,34.15,32.14,-2.222,-1.247,-0.976
2025-11-03,70721900,26.05,34.63,23.56,-2.091,-1.003,-1.088
2025-10-31,47723100,28.0,35.23,26.99,-1.71,-0.73,-0.979
2025-10-30,65614800,29.3,35.6,29.67,-1.397,-0.486,-0.911
2025-10-29,26712800,31.5,35.95,35.14,-1.109,-0.258,-0.851
2025-10-28,27812200,32.0,36.22,36.56,-0.95,-0.045,-0.905
2025-10-27,56368900,31.0,36.43,31.4,-0.784,0.181,-0.965
2025-10-24,51360700,30.95,36.68,31.14,-0.459,0.422,-0.882
2025-10-23,22088700,33.1,36.94,36.69,-0.033,0.643,-0.676
2025-10-22,35307200,34.8,37.14,42.22,0.293,0.812,-0.519
2025-10-21,76646100,34.7,37.26,41.74,0.532,0.941,-0.41
2025-10-20,45007500,35.75,37.37,45.41,0.839,1.044,-0.205
2025-10-17,42432700,38.4,37.39,57.2,1.112,1.095,0.017
2025-10-16,37095400,39.55,37.23,63.88,1.174,1.091,0.083
2025-10-15,42894900,39.6,37.1,64.19,1.12,1.07,0.05
2025-10-14,76556600,39.1,36.94,62.54,1.029,1.057,-0.029
2025-10-13,33204000,37.5,36.89,56.6,0.948,1.065,-0.116
2025-10-10,40677300,37.65,36.89,57.39,0.995,1.094,-0.099
2025-10-09,31750600,38.1,36.76,59.72,1.025,1.119,-0.094
2025-10-08,41788400,38.1,36.59,59.72,1.002,1.142,-0.14
2025-10-07,27375700,37.5,36.48,57.75,0.958,1.177,-0.219
2025-10-06,44750500,37.95,36.38,59.78,0.95,1.232,-0.282
2025-10-03,22114400,35.5,36.15,51.06,0.879,1.303,-0.423
2025-10-02,14714700,36.2,36.18,54.18,1.026,1.408,-0.383
2025-10-01,31091800,37.0,36.24,57.93,1.127,1.504,-0.377
2025-09-30,17665600,36.1,36.26,54.65,1.158,1.598,-0.441
2025-09-29,17398800,36.1,36.35,54.65,1.272,1.709,-0.436
2025-09-26,22037800,36.0,36.46,54.31,1.4,1.818,-0.418
2025-09-25,24967300,37.25,36.5,59.51,1.552,1.922,-0.37
2025-09-24,25941200,37.1,36.38,59.07,1.597,2.015,-0.417
2025-09-23,23333000,36.9,36.16,58.52,1.647,2.119,-0.472
2025-09-22,47687900,36.15,36.04,56.47,1.706,2.237,-0.531
2025-09-19,39114500,35.2,35.98,53.78,1.834,2.37,-0.536
2025-09-18,27618300,37.0,36.04,60.34,2.066,2.504,-0.437
2025-09-17,20204000,36.5,36.01,59.05,2.15,2.613,-0.463
2025-09-16,62363500,38.0,36.04,64.92,2.276,2.729,-0.452
2025-09-15,49369000,37.45,35.87,63.69,2.252,2.842,-0.59
2025-09-12,27309800,35.0,35.52,57.53,2.244,2.989,-0.745
2025-09-11,44949800,34.8,35.26,56.98,2.451,3.176,-0.725
2025-09-10,33130600,35.8,34.99,60.65,2.699,3.357,-0.658
2025-09-09,38455200,35.5,34.62,59.93,2.876,3.521,-0.646
2025-09-08,48937200,33.5,34.26,54.82,3.089,3.683,-0.594
2025-09-05,38178100,36.0,34.02,64.34,3.52,3.831,-0.311
2025-09-04,24527700,37.5,33.56,71.24,3.765,3.909,-0.144
2025-09-03,22924900,37.45,33.07,71.14,3.87,3.945,-0.075
2025-08-29,64672100,37.7,32.51,72.26,3.952,3.964,-0.011
2025-08-28,58098900,38.4,31.99,75.33,3.975,3.966,0.009
2025-08-27,61173100,36.85,31.35,72.97,3.875,3.964,-0.09
2025-08-26,32111700,34.85,30.7,69.46,3.848,3.987,-0.139
2025-08-25,35657100,32.6,30.25,64.68,3.962,4.021,-0.06
2025-08-22,43479600,34.5,29.82,73.74,4.278,4.036,0.242
2025-08-21,33667700,35.0,29.22,76.35,4.426,3.976,0.451
2025-08-20,48731400,36.5,28.55,84.72,4.501,3.863,0.637
2025-08-19,33039100,36.3,27.76,84.51,4.377,3.704,0.673
2025-08-18,38995000,37.0,26.91,88.47,4.176,3.535,0.64
2025-08-15,45093800,34.7,26.0,86.54,3.787,3.375,0.411
2025-08-13,61939500,30.35,25.15,80.98,3.47,3.273,0.197
2025-08-12,31299200,30.0,24.48,80.37,3.457,3.223,0.234
2025-08-11,46874400,29.25,23.78,79.05,3.427,3.165,0.262
2025-08-08,52277200,28.5,23.11,77.64,3.415,3.099,0.315
2025-08-07,39959500,28.35,22.48,77.36,3.426,3.02,0.405
2025-08-06,60174500,28.5,21.84,78.27,3.405,2.919,0.486
2025-08-05,77812600,26.8,21.2,75.18,3.314,2.798,0.516
2025-08-04,45086000,27.7,20.61,80.84,3.323,2.669,0.654
2025-08-01,50221700,26.3,19.97,78.5,3.194,2.505,0.689
2025-07-31,54199600,27.3,19.38,85.42,3.126,2.333,0.793
2025-07-30,72979100,25.6,18.73,83.07,2.891,2.134,0.757
2025-07-29,118786000,23.95,18.13,80.18,2.723,1.945,0.778
2025-07-28,32943200,25.7,17.57,96.37,2.636,1.751,0.886
2025-07-25,35258900,24.05,16.92,95.59,2.31,1.53,0.78
2025-07-24,44869600,22.5,16.36,94.57,2.027,1.334,0.693
2025-07-23,64590100,21.65,15.86,93.85,1.795,1.161,0.633
2025-07-22,61721300,20.65,15.42,92.8,1.558,1.003,0.555
2025-07-21,71038700,19.3,15.04,90.85,1.336,0.864,0.472
2025-07-18,65011100,18.85,14.69,90.02,1.17,0.746,0.423
2025-07-17,51288400,17.65,14.38,87.09,0.987,0.641,0.346
2025-07-16,91904900,17.1,14.12,85.26,0.861,0.554,0.307
2025-07-15,60606300,16.0,13.9,79.96,0.744,0.477,0.267
2025-07-14,46475900,15.8,13.75,78.67,0.696,0.41,0.286
2025-07-11,50644800,15.85,13.63,79.86,0.645,0.339,0.306
2025-07-10,46300600,15.6,13.48,78.33,0.565,0.262,0.303
2025-07-09,60326700,15.55,13.38,78.02,0.481,0.186,0.295
2025-07-08,55672600,15.15,13.26,75.41,0.371,0.113,0.259
2025-07-07,69939100,14.85,13.16,73.18,0.266,0.048,0.218
2025-07-04,74330400,14.55,13.08,70.73,0.159,-0.007,0.166
2025-07-03,125401100,14.15,13.03,66.98,0.051,-0.048,0.099
2025-07-02,120961800,13.65,13.02,61.22,-0.048,-0.073,0.025
2025-07-01,25903800,12.8,13.04,46.48,-0.122,-0.079,-0.043
2025-06-30,19153200,12.75,13.1,45.34,-0.128,-0.068,-0.059
2025-06-27,16828200,12.7,13.16,44.25,-0.129,-0.054,-0.075
2025-06-26,17666900,12.7,13.21,44.25,-0.123,-0.035,-0.088
2025-06-25,21455400,12.85,13.26,46.67,-0.114,-0.013,-0.101
2025-06-24,53372200,12.9,13.31,47.48,-0.116,0.012,-0.128
2025-06-23,22294700,12.45,13.35,38.63,-0.122,0.045,-0.166
2025-06-20,14686900,12.55,13.4,40.02,-0.081,0.086,-0.167
2025-06-19,15391600,12.45,13.44,37.94,-0.039,0.128,-0.167
2025-06-18,22702900,12.6,13.5,39.87,0.025,0.17,-0.144
2025-06-17,27625800,13.15,13.54,48.17,0.092,0.206,-0.114
2025-06-16,23979700,13.3,13.55,50.85,0.12,0.234,-0.114
2025-06-13,65948900,13.0,13.52,45.18,0.139,0.263,-0.124
2025-06-12,26886400,13.4,13.52,52.71,0.191,0.294,-0.103
2025-06-11,23927500,13.3,13.51,50.81,0.214,0.319,-0.105
2025-06-10,38515700,13.2,13.49,48.9,0.251,0.346,-0.094
2025-06-09,37896600,13.15,13.47,47.96,0.305,0.369,-0.065
2025-06-06,47686000,13.55,13.44,55.53,0.374,0.385,-0.012
2025-06-05,50710300,13.85,13.39,62.39,0.415,0.388,0.027
2025-06-04,39324700,14.1,13.32,68.98,0.432,0.382,0.05
2025-06-03,65402200,14.05,13.22,68.36,0.422,0.369,0.053
2025-06-02,33480800,13.9,13.13,66.49,0.408,0.356,0.052
2025-05-30,44885500,13.65,13.06,63.12,0.399,0.343,0.056
2025-05-29,55360700,13.9,12.97,69.62,0.407,0.329,0.078
2025-05-28,74828200,13.8,12.88,68.41,0.386,0.309,0.077
2025-05-27,46189100,13.6,12.79,65.89,0.364,0.29,0.074
2025-05-26,54036500,13.55,12.72,65.25,0.352,0.272,0.08
2025-05-23,42501200,13.4,12.65,63.32,0.335,0.252,0.084
2025-05-22,105880300,13.55,12.59,66.76,0.325,0.231,0.094
2025-05-21,49411300,13.4,12.54,65.0,0.291,0.207,0.084
2025-05-20,64797400,13.3,12.5,63.81,0.26,0.186,0.074
2025-05-19,43199400,12.8,12.46,57.02,0.226,0.168,0.058
2025-05-16,67956900,13.05,12.45,62.46,0.23,0.153,0.077
2025-05-15,47917400,13.1,12.42,63.58,0.207,0.134,0.073
2025-05-14,37213600,12.85,12.4,60.26,0.169,0.116,0.053
2025-05-13,60474000,12.85,12.36,60.26,0.143,0.103,0.041
2025-05-12,29467400,12.6,12.27,56.86,0.109,0.092,0.016
2025-05-09,38831900,12.45,12.16,54.71,0.089,0.088,0.0
2025-05-08,25755200,12.4,12.1,54.0,0.077,0.088,-0.011
2025-05-07,27039700,12.15,12.08,50.37,0.066,0.091,-0.025
2025-05-06,30955400,12.3,12.08,52.69,0.076,0.097,-0.021
2025-05-05,33787000,12.45,12.11,55.03,0.073,0.103,-0.029
2025-04-29,17988200,11.95,12.11,47.85,0.053,0.11,-0.057
2025-04-28,18906700,12.05,12.13,49.31,0.077,0.124,-0.047
2025-04-25,24851100,12.0,12.15,48.58,0.097,0.136,-0.039
2025-04-24,42194500,12.1,12.18,49.91,0.126,0.146,-0.02
2025-04-23,23702500,12.25,12.2,51.9,0.15,0.151,-0.0
2025-04-22,109293200,12.2,12.22,51.3,0.165,0.151,0.014
2025-04-21,42548600,12.5,12.22,55.13,0.185,0.148,0.038
2025-04-18,90243800,12.7,12.21,57.8,0.179,0.138,0.04
2025-04-17,37149800,12.55,12.19,56.33,0.147,0.128,0.019
2025-04-16,30521000,12.45,12.17,55.36,0.12,0.123,-0.004
2025-04-15,51452100,12.6,12.16,57.12,0.093,0.124,-0.031
2025-04-14,61248500,12.7,12.14,58.26,0.043,0.132,-0.089
2025-04-11,71997000,11.9,12.12,50.96,-0.032,0.154,-0.186
2025-04-10,1233300,11.15,12.14,42.15,-0.045,0.201,-0.246
2025-04-09,92920700,10.45,12.2,31.48,0.014,0.262,-0.248
2025-04-08,21589100,11.2,12.28,38.56,0.162,0.324,-0.162
2025-04-04,77554400,12.0,12.31,49.6,0.271,0.365,-0.094
2025-04-03,71170000,12.05,12.3,50.43,0.325,0.388,-0.064
2025-04-02,62087700,12.95,12.29,70.28,0.383,0.404,-0.02
2025-04-01,20158400,12.5,12.2,63.64,0.362,0.409,-0.048
2025-03-31,27401500,12.25,12.15,58.9,0.374,0.421,-0.047
2025-03-28,34013100,12.55,12.13,68.91,0.41,0.433,-0.023
2025-03-27,25071200,12.55,12.07,68.91,0.419,0.438,-0.019
2025-03-26,48809200,12.6,12.02,70.63,0.425,0.443,-0.018
2025-03-25,58779300,12.45,11.96,68.43,0.422,0.447,-0.026
2025-03-24,25081100,12.35,11.91,66.89,0.426,0.454,-0.028
2025-03-21,28560000,12.25,11.87,65.33,0.436,0.461,-0.025
2025-03-20,24819000,12.3,11.82,66.8,0.452,0.467,-0.015
2025-03-19,25783800,12.1,11.77,63.77,0.461,0.471,-0.01
2025-03-18,32914800,12.2,11.72,66.59,0.486,0.473,0.013
2025-03-17,22900000,12.3,11.66,69.43,0.501,0.47,0.031
2025-03-14,33569400,12.3,11.58,69.43,0.502,0.462,0.04
2025-03-13,41309900,12.2,11.48,68.26,0.497,0.452,0.045
2025-03-12,87926300,12.45,11.37,74.92,0.493,0.441,0.052
2025-03-11,45997000,11.95,11.25,69.37,0.455,0.428,0.027
2025-03-10,39652300,11.9,11.15,68.73,0.451,0.421,0.029
2025-03-07,40172000,11.85,11.05,68.11,0.444,0.414,0.03
2025-03-06,113122700,11.85,10.96,68.11,0.434,0.407,0.028
2025-03-05,59867900,11.1,10.87,57.1,0.415,0.4,0.016
2025-03-04,96300700,11.5,10.82,68.88,0.462,0.396,0.066
2025-03-03,65459400,11.8,10.75,80.43,0.473,0.379,0.094
2025-02-28,35634800,11.45,10.65,76.09,0.451,0.356,0.095
2025-02-27,39566700,11.5,10.56,78.4,0.451,0.332,0.119
2025-02-26,36947400,11.45,10.46,77.77,0.44,0.303,0.137
2025-02-25,51596300,11.45,10.36,77.77,0.424,0.268,0.155
2025-02-24,42255300,11.5,10.27,79.76,0.398,0.23,0.168
2025-02-21,29387600,11.3,10.16,77.63,0.353,0.188,0.166
2025-02-20,49075500,11.25,10.07,77.07,0.312,0.146,0.165
2025-02-19,49089700,11.2,9.97,76.53,0.259,0.105,0.154
2025-02-18,42349200,10.95,9.86,73.61,0.194,0.066,0.128
2025-02-17,87797000,10.75,9.77,70.92,0.133,0.034,0.098
2025-02-14,25225600,10.15,9.69,59.41,0.073,0.01,0.064
2025-02-13,17348500,10.05,9.66,56.77,0.057,-0.006,0.064
2025-02-12,15566200,9.98,9.64,54.85,0.047,-0.022,0.069
2025-02-11,8591300,9.94,9.62,53.77,0.039,-0.039,0.078
2025-02-10,20728200,9.96,9.6,54.37,0.033,-0.059,0.092
2025-02-07,10815300,10.1,9.6,58.68,0.023,-0.082,0.105
2025-02-06,23316200,10.05,9.59,57.57,-0.005,-0.108,0.104
2025-02-05,18885900,9.99,9.58,56.25,-0.034,-0.134,0.1
2025-02-04,24068300,10.15,9.58,60.93,-0.066,-0.159,0.093
2025-01-24,23384600,9.89,9.58,55.32,-0.122,-0.182,0.06
2025-01-23,13938700,9.58,9.59,46.88,-0.165,-0.197,0.033
2025-01-22,9683900,9.43,9.63,41.96,-0.186,-0.206,0.02
2025-01-21,11194500,9.58,9.66,45.91,-0.194,-0.211,0.016
2025-01-20,14100100,9.53,9.69,44.28,-0.217,-0.215,-0.003
2025-01-17,8462200,9.47,9.73,42.35,-0.239,-0.214,-0.025
2025-01-16,14603400,9.42,9.77,40.77,-0.257,-0.208,-0.049
2025-01-15,11082000,9.25,9.81,35.12,-0.271,-0.195,-0.076
2025-01-14,10708400,9.04,9.87,27.17,-0.268,-0.177,-0.091
2025-01-13,17489000,9.12,9.93,28.4,-0.238,-0.154,-0.085
2025-01-10,20384700,9.2,9.98,29.65,-0.205,-0.133,-0.073
2025-01-09,5551700,9.56,10.02,36.32,-0.169,-0.114,-0.054
2025-01-08,7523700,9.64,10.05,38.09,-0.156,-0.101,-0.055
2025-01-07,12106000,9.5,10.08,32.77,-0.145,-0.087,-0.058
2025-01-06,14300600,9.6,10.12,34.75,-0.115,-0.072,-0.043
2025-01-03,10941300,9.86,10.15,40.69,-0.086,-0.062,-0.024
2025-01-02,8591000,9.94,10.17,42.78,-0.073,-0.056,-0.018
2024-12-31,14713800,9.85,10.16,39.54,-0.065,-0.051,-0.013
2024-12-30,12057500,10.0,10.16,43.34,-0.043,-0.048,0.005
2024-12-27,9085600,10.15,10.17,47.58,-0.031,-0.049,0.019
2024-12-26,7500800,10.15,10.16,47.58,-0.029,-0.054,0.024
2024-12-25,14037100,10.25,10.15,50.42,-0.027,-0.06,0.033
2024-12-24,10966400,10.1,10.14,45.93,-0.034,-0.068,0.034
2024-12-23,10009300,10.2,10.14,48.66,-0.028,-0.076,0.049
2024-12-20,28825900,10.3,10.13,51.51,-0.029,-0.089,0.06
2024-12-19,19957000,10.2,10.1,48.72,-0.04,-0.104,0.063
2024-12-18,13446000,10.35,10.08,52.96,-0.044,-0.119,0.075
2024-12-17,13213300,10.3,10.05,51.66,-0.063,-0.138,0.075
2024-12-16,23363300,10.35,10.01,53.02,-0.082,-0.157,0.075
2024-12-13,8828900,10.05,9.99,44.93,-0.11,-0.176,0.066
2024-12-12,8531300,10.15,9.97,47.46,-0.113,-0.192,0.079
2024-12-11,12128300,10.15,9.96,47.46,-0.126,-0.212,0.085
2024-12-10,12191000,10.2,9.96,48.64,-0.141,-0.233,0.092
2024-12-09,16018400,10.25,9.97,49.79,-0.162,-0.256,0.094
2024-12-06,24868100,10.2,9.98,48.66,-0.193,-0.279,0.087
2024-12-05,36627400,10.35,10.0,51.91,-0.223,-0.301,0.078
2024-12-04,15773100,9.71,10.02,34.65,-0.275,-0.321,0.046
2024-12-03,20594400,9.88,10.08,38.01,-0.271,-0.332,0.061
2024-12-02,8431100,10.05,10.11,41.78,-0.28,-0.347,0.068
2024-11-29,15915100,10.05,10.15,41.78,-0.304,-0.364,0.06
2024-11-28,11562600,10.0,10.18,40.28,-0.331,-0.379,0.048
2024-11-27,8478700,10.05,10.23,41.27,-0.355,-0.391,0.036
2024-11-26,24994000,10.1,10.27,42.23,-0.386,-0.401,0.015
2024-11-25,13241300,9.83,10.32,34.59,-0.424,-0.404,-0.02
2024-11-22,13558800,9.72,10.37,31.14,-0.44,-0.399,-0.041
2024-11-21,12212100,9.87,10.44,33.36,-0.443,-0.389,-0.054
2024-11-20,20069900,9.68,10.51,27.25,-0.455,-0.376,-0.079
2024-11-19,14856600,9.58,10.6,23.83,-0.444,-0.356,-0.088
2024-11-18,24066900,9.9,10.7,27.7,-0.414,-0.334,-0.08
2024-11-15,29351400,9.7,10.78,20.18,-0.402,-0.314,-0.088
2024-11-14,20729900,9.92,10.86,22.58,-0.361,-0.291,-0.069
2024-11-13,37984500,10.15,10.94,25.52,-0.325,-0.274,-0.051
2024-11-12,16101100,10.4,11.0,29.39,-0.298,-0.261,-0.036
2024-11-11,18359300,10.5,11.04,31.14,-0.285,-0.252,-0.032
2024-11-08,10132900,10.65,11.09,33.96,-0.274,-0.244,-0.029
2024-11-07,11310900,10.75,11.16,35.97,-0.271,-0.237,-0.034
2024-11-06,15274200,10.8,11.21,36.99,-0.274,-0.229,-0.045
2024-11-05,9901900,10.6,11.27,29.58,-0.279,-0.217,-0.061
2024-11-04,25135900,10.75,11.34,32.22,-0.26,-0.202,-0.058
2024-11-01,11102800,10.75,11.4,32.22,-0.248,-0.187,-0.061
2024-10-31,13709900,10.95,11.45,35.9,-0.229,-0.172,-0.057
2024-10-30,14315000,10.85,11.5,32.31,-0.222,-0.158,-0.065
2024-10-29,14649800,11.0,11.56,35.05,-0.2,-0.141,-0.059
2024-10-28,32908200,10.95,11.63,33.3,-0.184,-0.127,-0.057
2024-10-25,11382400,11.1,11.68,36.0,-0.156,-0.113,-0.043
2024-10-24,15051100,11.25,11.72,38.93,-0.132,-0.102,-0.031
2024-10-23,8938400,11.45,11.76,43.3,-0.116,-0.094,-0.022
2024-10-22,14411300,11.5,11.78,44.45,-0.114,-0.089,-0.025
2024-10-21,29166500,11.55,11.78,45.59,-0.114,-0.082,-0.032
2024-10-18,8806800,11.4,11.77,41.43,-0.119,-0.074,-0.044
2024-10-17,16469900,11.45,11.76,42.44,-0.107,-0.063,-0.044
2024-10-16,20853900,11.3,11.76,38.27,-0.096,-0.052,-0.044
2024-10-15,19077300,11.3,11.76,38.27,-0.065,-0.041,-0.024
2024-10-14,47401800,11.5,11.76,41.74,-0.025,-0.035,0.011
2024-10-11,12856900,11.9,11.74,50.19,0.007,-0.038,0.045
2024-10-10,27572900,11.85,11.71,48.99,0.006,-0.049,0.056
2024-10-09,18933100,12.05,11.68,53.8,0.011,-0.063,0.074
2024-10-08,27947000,12.0,11.64,52.72,-0.004,-0.082,0.078
2024-10-07,11837800,11.85,11.61,49.44,-0.018,-0.101,0.083
2024-10-04,14097600,11.8,11.6,48.33,-0.02,-0.122,0.102
2024-10-03,36110100,11.85,11.6,49.33,-0.018,-0.148,0.13
2024-10-02,21606200,12.2,11.6,57.05,-0.019,-0.18,0.161
2024-10-01,50102400,12.35,11.59,60.84,-0.056,-0.22,0.164
2024-09-30,23709300,12.0,11.58,54.26,-0.119,-0.261,0.143
2024-09-27,23206000,11.9,11.59,52.13,-0.16,-0.297,0.137
2024-09-26,19666300,11.95,11.6,53.28,-0.201,-0.331,0.13
2024-09-25,39869600,12.0,11.6,54.4,-0.256,-0.364,0.108
2024-09-24,7783800,11.4,11.6,40.47,-0.327,-0.39,0.064
2024-09-23,9292300,11.35,11.64,39.03,-0.351,-0.406,0.055
2024-09-20,34788200,11.25,11.68,36.16,-0.372,-0.42,0.048
2024-09-19,8365000,11.4,11.73,38.7,-0.384,-0.432,0.048
2024-09-18,15519400,11.35,11.77,37.34,-0.408,-0.444,0.036
2024-09-17,10040600,11.3,11.8,36.02,-0.428,-0.453,0.025
2024-09-16,12148800,11.05,11.83,29.09,-0.442,-0.459,0.017
2024-09-13,11841900,11.3,11.84,32.34,-0.429,-0.464,0.035
2024-09-12,8021600,11.25,11.83,30.91,-0.43,-0.472,0.042
2024-09-11,14810100,11.3,11.84,31.53,-0.421,-0.483,0.062
2024-09-10,21326400,11.35,11.84,32.13,-0.408,-0.498,0.09
2024-09-09,14059000,11.65,11.84,35.93,-0.391,-0.521,0.13
2024-09-06,17922300,11.8,11.82,38.03,-0.394,-0.553,0.16
2024-09-05,20041100,11.9,11.78,39.45,-0.407,-0.593,0.186
2024-09-04,20352200,12.0,11.75,40.86,-0.428,-0.64,0.212
2024-08-30,40942100,12.15,11.69,43.02,-0.459,-0.693,0.234
2024-08-29,54515500,12.15,11.66,43.02,-0.507,-0.751,0.244
2024-08-28,36321300,12.05,11.61,41.24,-0.561,-0.812,0.252
2024-08-27,26442400,11.9,11.57,38.56,-0.611,-0.875,0.264
2024-08-26,31266200,12.15,11.63,41.49,-0.651,-0.941,0.29
2024-08-23,28508900,12.15,11.72,41.49,-0.718,-1.014,0.296
2024-08-22,18601500,12.15,11.8,41.49,-0.794,-1.088,0.294
2024-08-21,22595700,12.25,11.9,42.52,-0.878,-1.161,0.283
2024-08-20,37741700,12.15,12.01,41.16,-0.984,-1.232,0.248
2024-08-19,25136700,12.0,12.1,39.16,-1.094,-1.294,0.2
2024-08-16,55165900,11.95,12.24,38.51,-1.203,-1.344,0.141
2024-08-15,15148700,11.2,12.43,27.8,-1.32,-1.379,0.059
2024-08-14,17980300,11.1,12.72,26.21,-1.374,-1.394,0.02
2024-08-13,15174500,11.35,12.99,27.62,-1.412,-1.399,-0.013
2024-08-12,13020800,11.5,13.27,28.48,-1.466,-1.396,-0.07
2024-08-09,21616400,11.35,13.54,26.36,-1.529,-1.379,-0.15
2024-08-08,11727900,11.1,13.81,22.83,-1.572,-1.341,-0.23
2024-08-07,11779100,11.15,14.12,23.03,-1.578,-1.283,-0.294
2024-08-06,15203300,11.15,14.41,23.03,-1.568,-1.21,-0.358
2024-08-05,24602800,10.85,14.72,19.27,-1.532,-1.121,-0.411
2024-08-02,24816400,11.5,15.01,21.37,-1.433,-1.018,-0.416
2024-08-01,32787900,11.15,15.28,16.84,-1.353,-0.914,-0.439
2024-07-31,28663500,11.25,15.57,17.11,-1.195,-0.804,-0.391
2024-07-30,39949300,13.2,15.86,23.79,-0.987,-0.706,-0.281
2024-07-29,22024400,13.9,16.04,27.35,-0.905,-0.636,-0.269
2024-07-26,20236800,13.8,16.18,25.88,-0.858,-0.569,-0.289
2024-07-25,9187300,14.05,16.3,27.16,-0.776,-0.496,-0.28
2024-07-24,18622400,14.5,16.44,29.6,-0.685,-0.427,-0.259
2024-07-23,31441600,13.95,16.56,21.6,-0.605,-0.362,-0.244
2024-07-22,27572200,14.75,16.7,25.51,-0.439,-0.301,-0.138
2024-07-19,55222400,15.8,16.8,32.76,-0.301,-0.266,-0.035
2024-07-18,7969300,16.95,16.88,46.05,-0.228,-0.258,0.03
2024-07-17,14003900,16.6,16.92,39.06,-0.248,-0.265,0.017
2024-07-16,8490500,16.9,16.99,43.55,-0.234,-0.27,0.035
2024-07-15,5485800,16.85,17.05,42.53,-0.244,-0.279,0.034
2024-07-12,9459200,16.85,17.12,42.53,-0.249,-0.287,0.038
2024-07-11,9638400,17.2,17.19,47.75,-0.25,-0.297,0.046
2024-07-10,6093700,17.0,17.27,44.11,-0.284,-0.308,0.024
2024-07-09,13005100,17.25,17.38,47.99,-0.303,-0.314,0.011
2024-07-08,6437900,16.8,17.43,39.02,-0.349,-0.317,-0.032
2024-07-05,6754800,16.8,17.5,39.02,-0.355,-0.309,-0.046
2024-07-04,6217500,16.95,17.57,41.06,-0.359,-0.297,-0.062
2024-07-03,7895700,17.05,17.62,42.43,-0.374,-0.282,-0.092
2024-07-02,5463100,16.85,17.68,38.62,-0.397,-0.259,-0.138
2024-07-01,6408700,16.6,17.75,33.53,-0.401,-0.225,-0.177
2024-06-28,15197200,16.4,17.84,29.16,-0.375,-0.18,-0.195
2024-06-27,7150700,16.8,17.92,33.21,-0.316,-0.132,-0.184
2024-06-26,7789700,16.8,17.97,33.21,-0.276,-0.086,-0.19
2024-06-25,10805700,16.8,18.03,33.21,-0.221,-0.038,-0.183
2024-06-24,33192500,16.7,18.1,31.3,-0.148,0.008,-0.156
2024-06-21,15258900,17.5,18.16,39.75,-0.043,0.047,-0.089
2024-06-20,22939200,17.6,18.17,41.04,0.011,0.069,-0.058
2024-06-19,15750500,18.05,18.21,47.46,0.069,0.083,-0.014
2024-06-18,13424600,18.2,18.21,49.87,0.097,0.087,0.01
2024-06-17,17129000,18.2,18.22,49.87,0.116,0.084,0.032
2024-06-14,32262000,18.2,18.22,49.87,0.138,0.076,0.061
2024-06-13,15162300,18.9,18.23,61.58,0.164,0.061,0.103
2024-06-12,50539200,19.05,18.19,64.59,0.124,0.035,0.089
2024-06-11,17089900,18.35,18.13,55.05,0.055,0.013,0.042
2024-06-10,14502000,18.25,18.08,53.39,0.038,0.003,0.036
2024-06-07,12232300,18.05,18.05,49.94,0.027,-0.006,0.033
2024-06-06,11665700,18.1,18.02,50.81,0.031,-0.015,0.046
2024-06-05,13273400,18.15,17.98,51.65,0.032,-0.026,0.058
2024-06-04,17645100,18.25,17.95,53.28,0.027,-0.041,0.068
2024-06-03,23339400,18.35,17.91,54.89,0.01,-0.058,0.068
2024-05-31,16869900,18.0,17.88,49.98,-0.021,-0.075,0.053
2024-05-30,21945200,17.9,17.82,48.49,-0.026,-0.088,0.062
2024-05-29,18816300,18.0,17.76,49.87,-0.021,-0.104,0.082
2024-05-28,15171500,18.15,17.7,51.92,-0.025,-0.124,0.099
2024-05-27,11674100,17.9,17.65,48.65,-0.045,-0.149,0.104
2024-05-24,34730400,17.7,17.61,45.92,-0.044,-0.175,0.131
2024-05-23,29132500,18.4,17.56,55.53,-0.022,-0.207,0.185
2024-05-22,28465200,18.2,17.5,52.91,-0.065,-0.254,0.189
2024-05-21,20781800,18.3,17.4,54.4,-0.098,-0.301,0.203
2024-05-20,22182800,18.25,17.34,53.8,-0.149,-0.352,0.203
2024-05-17,20800900,18.25,17.32,53.8,-0.207,-0.402,0.195
2024-05-16,27146500,18.15,17.31,52.72,-0.278,-0.451,0.173
2024-05-15,27860800,17.85,17.38,49.44,-0.355,-0.494,0.139
2024-05-14,9984700,17.5,17.44,45.33,-0.417,-0.529,0.112
2024-05-13,17701600,17.55,17.53,45.82,-0.455,-0.557,0.103
2024-05-10,18466000,17.55,17.63,45.82,-0.501,-0.583,0.082
2024-05-09,17253400,17.25,17.7,42.58,-0.553,-0.603,0.051
2024-05-08,22962200,17.5,17.8,44.65,-0.58,-0.616,0.036
2024-05-07,14662100,17.5,17.93,44.65,-0.633,-0.625,-0.007
2024-05-06,28662500,17.6,18.08,45.41,-0.69,-0.623,-0.067
2024-05-03,14412500,16.8,18.25,37.51,-0.763,-0.606,-0.157
2024-05-02,11509400,16.75,18.44,36.98,-0.765,-0.567,-0.197
2024-04-26,16459000,16.85,18.63,37.57,-0.75,-0.518,-0.232
2024-04-25,15161200,17.1,18.84,39.02,-0.731,-0.46,-0.271
2024-04-24,26365800,17.25,19.03,39.87,-0.721,-0.392,-0.328
2024-04-23,20899500,16.55,19.22,33.56,-0.713,-0.31,-0.403
2024-04-22,27927800,17.15,19.4,36.62,-0.621,-0.209,-0.411
2024-04-19,47414700,16.3,19.55,27.98,-0.556,-0.107,-0.449
2024-04-17,32305000,17.0,19.74,31.23,-0.378,0.006,-0.384
2024-04-16,62504400,17.85,19.89,35.95,-0.217,0.102,-0.318
2024-04-15,43872200,18.15,19.96,37.82,-0.095,0.181,-0.276
2024-04-12,22798700,19.5,20.05,48.34,0.032,0.25,-0.218
2024-04-11,26483000,19.15,20.11,44.64,0.056,0.305,-0.248
2024-04-10,17468800,19.2,20.19,45.07,0.122,0.367,-0.245
2024-04-09,27604300,19.65,20.24,49.0,0.198,0.428,-0.23
2024-04-08,33944100,18.95,20.2,41.64,0.247,0.485,-0.238
2024-04-05,51517300,19.3,20.22,44.63,0.378,0.545,-0.167
2024-04-04,30664900,20.1,20.23,52.66,0.503,0.587,-0.084
2024-04-03,42439900,20.5,20.21,57.46,0.574,0.608,-0.034
2024-04-02,25867300,20.95,20.12,63.51,0.616,0.616,-0.0
2024-04-01,31818500,20.55,20.02,60.04,0.614,0.616,-0.002
2024-03-29,29218300,20.55,19.94,60.04,0.644,0.617,0.027
2024-03-28,29128100,21.0,19.86,66.15,0.672,0.61,0.062
2024-03-27,26462600,21.0,19.73,66.15,0.653,0.594,0.059
2024-03-26,35860900,20.95,19.58,65.81,0.619,0.579,0.04
2024-03-25,40039600,20.2,19.44,60.38,0.572,0.57,0.002
2024-03-22,39365100,20.15,19.33,59.99,0.58,0.569,0.011
2024-03-21,32807200,20.15,19.2,59.99,0.586,0.566,0.02
2024-03-20,28825700,20.0,19.09,58.94,0.586,0.561,0.025
2024-03-19,23912800,19.3,19.01,53.64,0.593,0.555,0.037
2024-03-18,62725200,19.75,18.96,58.11,0.664,0.546,0.118
2024-03-15,25393300,20.8,18.86,70.93,0.699,0.516,0.182
2024-03-14,46825800,20.8,18.72,70.93,0.627,0.471,0.156
2024-03-13,37286500,20.1,18.58,66.71,0.525,0.432,0.093
2024-03-12,34312900,18.8,18.48,55.59,0.46,0.408,0.051
2024-03-11,34039700,19.4,18.43,64.88,0.502,0.396,0.106
2024-03-08,38530900,19.45,18.36,65.73,0.487,0.369,0.118
2024-03-07,63121400,19.8,18.27,71.84,0.456,0.34,0.116
2024-03-06,22984900,18.65,18.15,60.69,0.374,0.311,0.063
2024-03-05,29867300,19.1,18.09,70.89,0.381,0.295,0.086
2024-03-04,25303600,18.9,18.0,68.72,0.338,0.273,0.065
2024-03-01,38393700,18.9,17.92,68.72,0.3,0.257,0.043
2024-02-29,36495800,18.3,17.84,61.24,0.246,0.246,-0.0
2024-02-28,28140100,18.15,17.79,58.97,0.235,0.247,-0.011
2024-02-27,22081700,18.1,17.76,58.21,0.233,0.249,-0.017
2024-02-26,24947100,17.95,17.72,55.93,0.232,0.254,-0.022
2024-02-23,37253400,17.5,17.69,48.06,0.242,0.259,-0.017
2024-02-22,15180100,18.05,17.68,60.28,0.298,0.263,0.035
2024-02-21,24689500,18.35,17.65,69.19,0.309,0.255,0.054
2024-02-20,49421900,18.3,17.61,68.47,0.287,0.241,0.046
2024-02-19,27335500,17.9,17.55,61.83,0.261,0.23,0.031
2024-02-16,21892500,17.95,17.49,63.38,0.264,0.222,0.042
2024-02-15,24610900,17.85,17.43,61.59,0.259,0.211,0.048
2024-02-07,16138800,18.1,17.4,69.46,0.26,0.199,0.061
2024-02-06,25528000,18.0,17.33,67.94,0.231,0.184,0.047
2024-02-05,15557700,17.8,17.28,64.67,0.201,0.172,0.029
2024-02-02,39022200,17.7,17.24,62.92,0.18,0.165,0.015
2024-02-01,12072900,17.4,17.19,56.96,0.161,0.161,0.0
2024-01-31,37296800,17.45,17.16,58.41,0.165,0.161,0.004
2024-01-30,14185800,17.4,17.11,57.4,0.163,0.16,0.003
2024-01-29,14750000,17.25,17.07,54.32,0.163,0.159,0.003
2024-01-26,13983800,17.35,17.06,56.87,0.176,0.159,0.017
2024-01-25,9967400,17.35,17.04,56.87,0.179,0.154,0.025
2024-01-24,24395100,17.4,17.03,58.04,0.181,0.148,0.032
2024-01-23,16659800,17.35,17.02,57.22,0.175,0.14,0.035
2024-01-22,23008300,17.35,16.99,57.22,0.17,0.131,0.039
2024-01-19,26828400,17.35,16.96,57.22,0.162,0.122,0.04
2024-01-18,19269900,17.45,16.94,59.07,0.149,0.112,0.038
2024-01-17,52825200,17.45,16.91,59.07,0.12,0.102,0.018
2024-01-16,17245700,17.05,16.88,53.93,0.082,0.098,-0.016
2024-01-15,21280400,16.7,16.85,48.7,0.072,0.102,-0.03
2024-01-12,36632100,16.95,16.84,52.67,0.094,0.109,-0.015
2024-01-11,42515800,17.2,16.81,56.98,0.096,0.113,-0.017
2024-01-10,18711900,16.7,16.78,49.27,0.071,0.117,-0.047
2024-01-09,25700700,16.95,16.8,53.74,0.088,0.129,-0.04
2024-01-08,20208100,16.9,16.81,52.95,0.085,0.139,-0.054
2024-01-05,12793200,16.75,16.82,50.59,0.084,0.152,-0.069
2024-01-04,31652100,16.75,16.86,50.59,0.096,0.169,-0.073
2024-01-03,13671800,16.65,16.92,49.12,0.111,0.188,-0.076
2024-01-02,51739900,16.4,16.98,45.35,0.139,0.207,-0.068
2023-12-29,13095800,17.1,17.05,56.17,0.197,0.224,-0.027
2023-12-28,17094000,17.1,17.03,56.17,0.198,0.23,-0.032
2023-12-27,19914400,17.1,16.99,56.17,0.196,0.239,-0.043
2023-12-26,15361800,17.1,16.96,56.17,0.19,0.249,-0.059
2023-12-25,19444900,16.9,16.92,53.83,0.181,0.264,-0.083
2023-12-22,19619900,16.7,16.88,51.42,0.186,0.285,-0.099
2023-12-21,10020900,16.85,16.87,53.36,0.21,0.31,-0.099
2023-12-20,17481900,16.95,16.83,54.63,0.223,0.334,-0.111
2023-12-19,16399400,16.8,16.84,53.07,0.226,0.362,-0.136
2023-12-18,12670000,16.4,16.85,48.7,0.242,0.396,-0.154
2023-12-15,24036200,16.5,16.88,49.78,0.299,0.435,-0.136
2023-12-14,24074000,16.45,16.86,49.25,0.357,0.469,-0.111
2023-12-13,28221900,16.6,16.88,50.72,0.432,0.497,-0.065
2023-12-12,12588200,17.1,16.87,55.86,0.506,0.513,-0.007
2023-12-11,41138300,17.1,16.82,55.86,0.541,0.514,0.027
2023-12-08,23882500,17.2,16.76,56.85,0.579,0.508,0.071
2023-12-07,73885100,17.45,16.69,59.3,0.609,0.49,0.119
2023-12-06,29383800,18.05,16.6,65.6,0.612,0.46,0.152
2023-12-05,32030100,17.7,16.42,63.5,0.546,0.422,0.124
2023-12-04,68838100,17.8,16.22,64.55,0.49,0.391,0.099
2023-12-01,29422400,16.7,16.02,57.38,0.401,0.367,0.034
2023-11-30,38612500,16.4,15.87,55.08,0.394,0.358,0.035
2023-11-29,24052300,16.45,15.74,55.55,0.409,0.349,0.06
2023-11-28,35570300,16.25,15.55,54.11,0.417,0.334,0.083
2023-11-27,22101800,16.1,15.34,53.06,0.443,0.314,0.129
2023-11-24,56859900,16.6,15.17,57.12,0.484,0.281,0.202
2023-11-23,45211400,16.0,15.02,53.12,0.478,0.231,0.247
2023-11-22,42751200,17.2,14.9,64.26,0.525,0.169,0.356
2023-11-21,29376700,17.0,14.78,63.07,0.455,0.08,0.375
2023-11-20,49138000,16.9,14.66,62.48,0.38,-0.014,0.393
2023-11-17,61236100,16.2,14.54,58.18,0.288,-0.112,0.4
2023-11-16,35444200,16.8,14.48,64.02,0.238,-0.212,0.45
2023-11-15,40181500,16.35,14.36,61.32,0.11,-0.325,0.434
2023-11-14,34908100,16.15,14.28,60.08,-0.01,-0.433,0.424
2023-11-13,45324000,15.95,14.19,58.85,-0.142,-0.539,0.398
2023-11-10,56222700,15.75,14.15,57.65,-0.288,-0.639,0.351
2023-11-09,61692300,15.6,14.15,56.76,-0.449,-0.726,0.277
2023-11-08,46780300,14.6,14.17,50.36,-0.634,-0.796,0.161
2023-11-07,29527900,13.65,14.24,42.9,-0.759,-0.836,0.077
2023-11-06,26572700,13.85,14.34,44.2,-0.81,-0.855,0.045
2023-11-03,39567500,13.65,14.42,42.59,-0.885,-0.866,-0.018
2023-11-02,34187000,13.65,14.49,42.59,-0.946,-0.862,-0.085
2023-11-01,38898700,12.8,14.52,35.79,-1.011,-0.841,-0.17
2023-10-31,36020400,12.05,14.64,28.88,-0.993,-0.798,-0.195
2023-10-30,21232000,12.65,14.78,31.39,-0.878,-0.749,-0.129
2023-10-27,32405600,13.6,14.94,35.98,-0.78,-0.717,-0.063
2023-10-26,46463900,13.65,15.05,36.24,-0.741,-0.701,-0.04
2023-10-25,24900600,14.65,15.16,41.84,-0.685,-0.691,0.006
2023-10-24,17873900,14.7,15.26,42.14,-0.705,-0.693,-0.012
2023-10-23,20967000,14.4,15.31,39.71,-0.726,-0.69,-0.036
2023-10-20,27968700,15.0,15.42,43.06,-0.712,-0.681,-0.031
2023-10-19,23731900,14.4,15.55,38.22,-0.744,-0.673,-0.071
2023-10-18,48845800,14.85,15.79,40.63,-0.714,-0.655,-0.058
2023-10-17,21891200,14.3,16.03,36.06,-0.71,-0.641,-0.069
2023-10-16,19235500,15.3,16.26,41.45,-0.639,-0.623,-0.015
2023-10-13,27355800,15.7,16.44,43.88,-0.641,-0.62,-0.021
2023-10-12,20755700,15.9,16.64,45.11,-0.674,-0.614,-0.06
2023-10-11,22644200,16.05,16.81,46.01,-0.728,-0.599,-0.128
2023-10-10,31678400,15.55,17.01,42.46,-0.801,-0.567,-0.234
2023-10-09,25316300,15.45,17.26,41.75,-0.832,-0.509,-0.323
2023-10-06,37828900,15.15,17.45,39.68,-0.849,-0.428,-0.421
2023-10-05,23176100,14.2,17.68,32.62,-0.828,-0.323,-0.505
2023-10-04,44958100,15.15,17.97,36.6,-0.692,-0.197,-0.495
2023-10-03,37147800,14.9,18.22,34.65,-0.605,-0.073,-0.532
2023-10-02,30483800,16.0,18.46,39.62,-0.46,0.06,-0.52
2023-09-29,20660600,15.75,18.65,37.73,-0.38,0.19,-0.57
2023-09-28,31375400,15.9,18.83,38.4,-0.248,0.332,-0.58
2023-09-27,47829100,16.55,18.97,41.34,-0.09,0.477,-0.567
2023-09-26,56084700,15.7,19.08,35.33,0.046,0.619,-0.572
2023-09-25,38759100,16.55,19.21,39.04,0.306,0.762,-0.456
2023-09-22,64651100,17.75,19.27,45.3,0.547,0.876,-0.329
2023-09-21,31435300,19.05,19.22,53.99,0.725,0.958,-0.234
2023-09-20,26477600,19.75,19.12,59.73,0.808,1.017,-0.209
2023-09-19,38605400,18.8,18.95,53.5,0.831,1.069,-0.238
2023-09-18,30840100,19.05,18.86,55.6,0.946,1.128,-0.183
2023-09-15,34389400,19.6,18.82,60.45,1.052,1.174,-0.121
2023-09-14,40416000,19.3,18.75,58.62,1.117,1.204,-0.087
2023-09-13,38055500,20.0,18.64,65.14,1.215,1.226,-0.011
2023-09-12,38159100,20.6,18.49,71.46,1.25,1.229,0.021
2023-09-11,44899400,19.3,18.27,64.54,1.216,1.223,-0.008
2023-09-08,26292400,19.8,18.11,70.66,1.287,1.225,0.061
2023-09-07,31460000,19.9,17.93,71.93,1.307,1.21,0.097
2023-09-06,42709500,20.1,17.74,74.4,1.305,1.186,0.119
2023-09-05,31375500,19.65,17.58,72.42,1.262,1.156,0.106
2023-08-31,33021900,19.8,17.43,74.2,1.235,1.129,0.106
2023-08-30,37976300,19.45,17.29,72.75,1.168,1.103,0.065
2023-08-29,38024500,18.75,17.13,69.57,1.1,1.087,0.014
2023-08-28,32148300,18.75,16.96,69.57,1.069,1.083,-0.014
2023-08-25,42437900,18.2,16.81,66.95,1.014,1.087,-0.073
2023-08-24,38715000,17.85,16.66,65.18,0.985,1.105,-0.12
2023-08-23,26066700,16.7,16.49,58.39,0.969,1.135,-0.166
2023-08-22,41746900,17.0,16.37,61.29,1.051,1.176,-0.125
2023-08-21,40496100,16.4,16.22,57.36,1.111,1.208,-0.097
2023-08-18,37040000,16.95,16.12,62.78,1.232,1.232,0.0
2023-08-17,30795400,18.2,15.97,78.42,1.313,1.232,0.081
2023-08-16,43470200,18.25,15.74,79.15,1.269,1.211,0.058
2023-08-15,30104300,17.15,15.48,74.23,1.19,1.197,-0.006
2023-08-14,40845300,17.0,15.26,73.44,1.184,1.198,-0.014
2023-08-11,19695300,16.2,15.06,68.67,1.175,1.202,-0.027
2023-08-10,21713700,16.05,14.87,67.66,1.226,1.209,0.018
2023-08-09,23013000,16.25,14.65,70.48,1.29,1.204,0.086
2023-08-08,25984100,16.1,14.41,69.59,1.332,1.183,0.149
2023-08-07,22862200,16.9,14.18,81.68,1.382,1.146,0.236
2023-08-04,21457400,16.75,13.91,81.11,1.344,1.086,0.257
2023-08-03,37890000,16.85,13.64,82.71,1.291,1.022,0.269
2023-08-02,29697700,16.35,13.36,80.97,1.194,0.955,0.239
2023-08-01,27403500,15.3,13.12,76.32,1.104,0.895,0.209
2023-07-31,29136700,15.7,12.92,83.53,1.081,0.843,0.238
2023-07-28,33466700,15.2,12.69,81.5,0.994,0.784,0.211
2023-07-27,19486900,14.45,12.47,77.67,0.92,0.731,0.189
2023-07-26,18324100,14.4,12.28,77.39,0.888,0.684,0.204
2023-07-25,16235100,14.0,12.12,74.97,0.84,0.633,0.207
2023-07-24,19330900,14.25,11.98,79.92,0.807,0.581,0.226
2023-07-21,24399200,14.0,11.84,78.61,0.727,0.524,0.203
2023-07-20,21298100,13.55,11.75,75.99,0.641,0.473,0.167
2023-07-19,34498800,13.1,11.66,72.91,0.566,0.432,0.135
2023-07-18,13871200,12.9,11.58,71.39,0.51,0.398,0.112
2023-07-17,26733900,12.8,11.49,70.63,0.45,0.37,0.08
2023-07-14,42224700,12.5,11.4,68.27,0.377,0.35,0.027
2023-07-13,14424200,11.7,11.32,60.39,0.31,0.343,-0.034
2023-07-12,12472000,11.35,11.26,55.95,0.3,0.352,-0.051
2023-07-11,19674400,11.5,11.23,58.56,0.32,0.365,-0.045
2023-07-10,18546600,11.55,11.2,59.42,0.325,0.376,-0.051
2023-07-07,24664200,11.35,11.17,57.09,0.321,0.389,-0.068
2023-07-06,20331900,11.2,11.16,55.29,0.332,0.406,-0.073
2023-07-05,21827900,11.5,11.14,59.95,0.357,0.424,-0.067
2023-07-04,19399700,11.5,11.1,59.95,0.353,0.441,-0.088
2023-07-03,7998000,10.95,11.05,53.8,0.342,0.463,-0.121
2023-06-30,12210500,10.8,11.0,51.93,0.379,0.493,-0.114
2023-06-29,16236000,10.7,10.96,50.7,0.437,0.522,-0.085
2023-06-28,16516200,11.2,10.91,57.56,0.514,0.543,-0.029
2023-06-27,23758800,11.1,10.82,56.46,0.554,0.55,0.004
2023-06-26,68551300,11.5,10.74,62.44,0.608,0.549,0.059
2023-06-23,19869500,12.2,10.64,75.42,0.626,0.534,0.092
2023-06-22,13288000,11.8,10.48,72.37,0.57,0.511,0.058
2023-06-21,21285500,11.6,10.33,70.69,0.53,0.497,0.033
2023-06-20,10661700,11.05,10.24,65.27,0.492,0.489,0.003
2023-06-19,13014500,10.9,10.17,63.57,0.492,0.488,0.004
2023-06-16,30384200,10.9,10.12,63.57,0.5,0.487,0.014
2023-06-15,15110900,10.65,10.07,60.8,0.504,0.483,0.021
2023-06-14,17028100,10.6,10.01,60.24,0.526,0.478,0.048
2023-06-13,16155700,10.9,9.98,65.46,0.552,0.466,0.087
2023-06-12,14619000,11.0,9.95,67.26,0.547,0.444,0.103
2023-06-09,22491000,11.2,9.88,70.88,0.522,0.418,0.104
2023-06-08,31851300,10.7,9.82,66.72,0.462,0.393,0.07
2023-06-07,15972400,10.8,9.76,68.54,0.43,0.375,0.055
2023-06-06,20654700,10.45,9.7,65.48,0.373,0.361,0.012
2023-06-05,23119100,9.97,9.65,60.6,0.33,0.358,-0.028
2023-06-02,23512700,9.97,9.59,60.6,0.319,0.365,-0.046
2023-06-01,17985300,9.76,9.53,58.38,0.301,0.377,-0.076
2023-05-31,15668800,9.37,9.46,53.9,0.294,0.396,-0.102
2023-05-30,19299500,9.45,9.39,55.03,0.321,0.421,-0.1
2023-05-29,15559100,9.5,9.31,55.71,0.343,0.446,-0.103
2023-05-26,18990500,9.08,9.23,51.01,0.361,0.472,-0.111
2023-05-25,19224400,8.75,9.17,46.91,0.421,0.5,-0.079
2023-05-24,23933600,9.79,9.13,62.15,0.525,0.52,0.006
2023-05-23,21682300,9.75,9.03,61.71,0.545,0.518,0.027
2023-05-22,15828100,9.86,8.92,63.62,0.566,0.512,0.054
2023-05-19,23337700,9.8,8.81,63.04,0.573,0.498,0.075
2023-05-18,21999700,9.5,8.71,60.09,0.58,0.479,0.101
2023-05-17,17494800,9.94,8.62,67.41,0.612,0.454,0.158
2023-05-16,23502900,10.3,8.5,74.29,0.598,0.414,0.184
2023-05-15,21778400,9.65,8.38,68.98,0.535,0.369,0.167
2023-05-12,22162700,10.0,8.3,76.92,0.513,0.327,0.186
2023-05-11,20209000,9.45,8.22,72.26,0.442,0.28,0.162
2023-05-10,14101900,9.61,8.15,76.43,0.401,0.24,0.162
2023-05-09,27545900,9.41,8.07,74.74,0.327,0.199,0.128
2023-05-08,25488600,8.8,8.0,68.3,0.248,0.167,0.08
2023-05-05,24166800,8.79,7.98,68.18,0.205,0.147,0.057
2023-05-04,37487800,8.49,7.95,64.31,0.148,0.133,0.015
2023-04-28,8062100,7.94,7.93,54.99,0.104,0.129,-0.025
2023-04-27,7882200,7.82,7.91,52.47,0.102,0.136,-0.033
2023-04-26,9108600,7.9,7.9,54.35,0.111,0.144,-0.033
2023-04-25,14209700,7.82,7.89,52.78,0.112,0.152,-0.04
2023-04-24,17200800,8.04,7.87,57.87,0.121,0.162,-0.042
2023-04-21,12826200,7.75,7.85,52.23,0.107,0.173,-0.066
2023-04-20,4880600,7.62,7.83,49.42,0.118,0.189,-0.072
2023-04-19,9190200,7.63,7.8,49.63,0.142,0.207,-0.065
2023-04-18,9070500,7.8,7.77,53.18,0.171,0.223,-0.052
2023-04-17,9276600,7.67,7.73,50.67,0.188,0.236,-0.048
2023-04-14,17121800,7.5,7.7,47.25,0.22,0.248,-0.028
2023-04-13,16242300,7.9,7.69,55.7,0.275,0.255,0.02
2023-04-12,11058900,8.1,7.64,60.74,0.301,0.25,0.05
2023-04-11,14495000,8.3,7.6,66.32,0.308,0.238,0.071
2023-04-10,15161100,8.15,7.52,64.02,0.293,0.22,0.073
2023-04-07,16158300,8.07,7.45,62.76,0.285,0.202,0.084
2023-04-06,17193100,7.89,7.39,59.82,0.279,0.181,0.098
2023-04-05,10562400,8.34,7.34,73.24,0.285,0.156,0.129
2023-04-04,17153100,8.25,7.26,72.08,0.243,0.124,0.12
2023-04-03,14590800,8.04,7.19,69.17,0.195,0.094,0.101
2023-03-31,14383900,7.7,7.13,63.46,0.153,0.068,0.084
2023-03-30,10164900,7.57,7.07,60.88,0.13,0.047,0.083
2023-03-29,7454100,7.58,7.04,61.19,0.114,0.027,0.087
2023-03-28,12693400,7.57,7.0,61.01,0.089,0.005,0.084
2023-03-27,16187700,7.59,6.95,61.55,0.058,-0.016,0.074
2023-03-24,10337000,7.26,6.9,55.52,0.015,-0.035,0.05
2023-03-23,5809400,7.07,6.88,51.46,-0.006,-0.047,0.042
2023-03-22,3042800,7.05,6.88,51.02,-0.013,-0.058,0.045
2023-03-21,2264300,7.06,6.87,51.23,-0.021,-0.069,0.048
2023-03-20,4899200,6.96,6.89,49.25,-0.031,-0.081,0.05
2023-03-17,9303300,7.28,6.93,56.01,-0.033,-0.094,0.061
2023-03-16,6493700,7.0,6.92,50.49,-0.068,-0.109,0.041
2023-03-15,15321100,7.2,6.93,55.08,-0.083,-0.119,0.036
2023-03-14,4708400,6.73,6.91,43.98,-0.122,-0.128,0.006
2023-03-13,5951400,6.77,6.92,44.85,-0.122,-0.13,0.008
2023-03-10,2471200,6.81,6.91,45.7,-0.123,-0.132,0.008
2023-03-09,7017600,6.94,6.93,48.45,-0.128,-0.134,0.006
2023-03-08,3790800,6.85,6.95,46.37,-0.145,-0.135,-0.01
2023-03-07,3621400,6.78,6.98,44.77,-0.156,-0.133,-0.023
2023-03-06,2949000,6.75,7.01,44.1,-0.16,-0.127,-0.034
2023-03-03,3256800,6.65,7.05,41.93,-0.161,-0.118,-0.042
2023-03-02,3310700,6.8,7.09,44.32,-0.148,-0.108,-0.041
2023-03-01,5212900,6.92,7.11,46.29,-0.146,-0.098,-0.048
2023-02-28,7761900,6.57,7.13,38.95,-0.152,-0.086,-0.067
2023-02-27,12983000,6.6,7.2,39.38,-0.123,-0.069,-0.054
2023-02-24,12660100,6.78,7.26,41.95,-0.087,-0.055,-0.032
2023-02-23,12515600,7.0,7.32,45.31,-0.058,-0.047,-0.011
2023-02-22,12580900,7.03,7.35,45.77,-0.043,-0.045,0.002
2023-02-21,8565500,7.45,7.38,52.79,-0.026,-0.045,0.019
2023-02-20,8203100,7.64,7.39,56.43,-0.046,-0.05,0.003
2023-02-17,7373600,7.19,7.37,48.65,-0.091,-0.051,-0.04
2023-02-16,6314000,7.18,7.38,48.46,-0.101,-0.041,-0.061
2023-02-15,5332800,6.85,7.37,41.87,-0.112,-0.025,-0.086
2023-02-14,4065000,6.76,7.38,39.93,-0.09,-0.004,-0.086
2023-02-13,14992300,6.66,7.4,37.78,-0.051,0.018,-0.069
2023-02-10,7731700,7.16,7.41,45.3,0.009,0.035,-0.026
2023-02-09,4456400,7.43,7.41,50.32,0.035,0.041,-0.007
2023-02-08,6536000,7.44,7.39,50.51,0.039,0.043,-0.004
2023-02-07,10678300,7.33,7.37,48.5,0.044,0.044,-0.0
2023-02-06,6366700,7.6,7.35,53.46,0.06,0.044,0.016
2023-02-03,7248900,7.33,7.29,48.58,0.052,0.04,0.012
2023-02-02,11010000,7.25,7.26,47.05,0.069,0.037,0.033
2023-02-01,20265900,7.35,7.24,48.73,0.098,0.029,0.07
2023-01-31,16705900,7.9,7.22,59.6,0.124,0.011,0.112
2023-01-30,14735800,7.77,7.15,57.52,0.098,-0.017,0.115
2023-01-27,13359500,8.0,7.1,62.83,0.077,-0.045,0.122
2023-01-19,14144400,7.75,7.06,59.01,0.026,-0.076,0.102
2023-01-18,10396000,7.6,7.04,56.52,-0.014,-0.102,0.087
2023-01-17,10437500,7.6,7.04,56.52,-0.05,-0.123,0.073
2023-01-16,6767700,7.25,7.08,50.47,-0.095,-0.142,0.046
2023-01-13,14464500,7.29,7.13,51.22,-0.116,-0.153,0.037
2023-01-12,6748300,7.15,7.18,48.72,-0.144,-0.162,0.018
2023-01-11,8038500,7.04,7.24,46.73,-0.165,-0.167,0.002
2023-01-10,6650200,7.0,7.31,46.02,-0.177,-0.168,-0.009
2023-01-09,7561100,7.05,7.36,46.74,-0.185,-0.165,-0.02
2023-01-06,10139400,7.03,7.43,46.43,-0.199,-0.16,-0.039
2023-01-05,9044500,7.13,7.47,47.73,-0.212,-0.151,-0.061
2023-01-04,11718600,6.96,7.49,45.32,-0.235,-0.135,-0.099
2023-01-03,9767400,6.95,7.54,45.18,-0.243,-0.11,-0.133
2022-12-30,6527000,6.5,7.63,38.71,-0.25,-0.077,-0.172
2022-12-29,5500400,6.68,7.73,40.49,-0.208,-0.034,-0.174
2022-12-28,6315900,6.8,7.8,41.67,-0.171,0.009,-0.18
2022-12-27,10954700,6.91,7.85,42.73,-0.133,0.054,-0.188
2022-12-26,14373000,6.46,7.89,36.59,-0.094,0.101,-0.195
2022-12-23,8404500,6.94,7.95,40.94,0.003,0.15,-0.147
2022-12-22,13229000,7.2,7.97,43.54,0.078,0.187,-0.109
2022-12-21,20827400,7.18,7.95,43.28,0.146,0.214,-0.068
2022-12-20,25567600,7.72,7.92,48.87,0.233,0.231,0.002
2022-12-19,25340100,8.3,7.87,56.1,0.285,0.231,0.055
2022-12-16,14015800,8.3,7.8,56.1,0.289,0.217,0.072
2022-12-15,12745900,8.27,7.71,55.81,0.29,0.199,0.091
2022-12-14,14168900,8.42,7.6,57.58,0.289,0.176,0.113
2022-12-13,15955700,8.43,7.46,57.69,0.269,0.148,0.121
2022-12-12,21521500,7.89,7.3,53.05,0.239,0.118,0.121
2022-12-09,23665600,8.46,7.19,59.45,0.252,0.088,0.164
2022-12-08,18948700,7.98,7.07,55.23,0.206,0.047,0.159
2022-12-07,20636300,7.46,7.0,49.99,0.194,0.007,0.187
2022-12-06,24702700,8.02,6.98,56.61,0.228,-0.04,0.268
2022-12-05,21778500,8.62,6.92,65.2,0.212,-0.107,0.318
2022-12-02,19022500,8.55,6.82,64.62,0.127,-0.186,0.313
2022-12-01,24992800,8.0,6.74,59.7,0.024,-0.264,0.288
2022-11-30,15304300,7.86,6.72,58.34,-0.052,-0.337,0.284
2022-11-29,18053400,7.74,6.7,57.18,-0.135,-0.408,0.273
2022-11-28,34946500,7.6,6.7,55.85,-0.225,-0.476,0.25
2022-11-25,13102900,7.37,6.69,53.66,-0.323,-0.538,0.215
2022-11-24,10819900,6.89,6.69,48.73,-0.421,-0.592,0.172
2022-11-23,9753200,6.44,6.68,43.49,-0.49,-0.635,0.145
2022-11-22,18308600,6.85,6.67,47.61,-0.525,-0.671,0.147
2022-11-21,13185800,6.8,6.66,47.04,-0.604,-0.708,0.104
2022-11-18,19700600,6.47,6.66,43.28,-0.691,-0.734,0.043
2022-11-17,6042300,6.05,6.69,38.08,-0.758,-0.745,-0.013
2022-11-16,15305400,5.66,6.78,32.76,-0.79,-0.742,-0.049
2022-11-15,7867300,5.29,6.9,27.26,-0.78,-0.729,-0.051
2022-11-14,13073600,5.68,7.05,29.64,-0.718,-0.717,-0.001
2022-11-11,10411700,6.1,7.18,32.46,-0.668,-0.716,0.048
2022-11-10,5490700,6.51,7.27,35.53,-0.638,-0.728,0.091
2022-11-09,6035000,7.0,7.32,39.7,-0.631,-0.751,0.12
2022-11-08,7369700,6.96,7.35,39.16,-0.663,-0.781,0.118
2022-11-07,10233000,6.53,7.38,33.17,-0.691,-0.811,0.12
2022-11-04,13098100,7.02,7.46,37.03,-0.672,-0.841,0.169
2022-11-03,8329900,7.54,7.5,41.81,-0.688,-0.883,0.194
2022-11-02,8592900,7.54,7.56,41.81,-0.752,-0.931,0.179
2022-11-01,12930300,7.68,7.64,43.1,-0.822,-0.976,0.154
2022-10-31,10665400,7.5,7.69,40.92,-0.914,-1.015,0.1
2022-10-28,16794300,7.21,7.77,37.33,-1.0,-1.04,0.04
2022-10-27,9401800,6.74,7.9,31.01,-1.066,-1.05,-0.016
2022-10-26,4443100,6.3,8.03,24.39,-1.086,-1.046,-0.04
2022-10-25,10953000,6.6,8.21,25.97,-1.051,-1.036,-0.016
2022-10-24,10960200,6.74,8.39,26.72,-1.022,-1.032,0.01
2022-10-21,11962600,7.24,8.57,29.54,-0.985,-1.034,0.05
2022-10-20,7646200,7.78,8.76,33.05,-0.973,-1.047,0.074
2022-10-19,7808800,8.09,8.94,35.28,-0.999,-1.065,0.066
2022-10-18,11001400,8.27,9.09,36.62,-1.049,-1.082,0.032
2022-10-17,12922100,8.3,9.25,36.83,-1.117,-1.09,-0.027
2022-10-14,9864100,7.91,9.4,32.0,-1.189,-1.083,-0.106
2022-10-13,7754600,7.4,9.6,25.04,-1.225,-1.056,-0.169
2022-10-12,10069300,7.6,9.83,26.01,-1.201,-1.014,-0.187
2022-10-11,6802400,7.56,10.07,25.47,-1.173,-0.967,-0.206
2022-10-10,8505400,8.12,10.29,28.12,-1.117,-0.916,-0.201
2022-10-07,17161100,7.98,10.49,26.34,-1.085,-0.866,-0.219
2022-10-06,11418200,8.57,10.71,29.17,-1.015,-0.811,-0.204
2022-10-05,7693700,9.21,10.88,32.7,-0.97,-0.76,-0.21
2022-10-04,9083600,8.63,11.03,25.07,-0.965,-0.707,-0.257
2022-10-03,5927700,9.12,11.25,27.51,-0.884,-0.643,-0.242
2022-09-30,9100500,9.8,11.46,31.47,-0.819,-0.583,-0.237
2022-09-29,8209700,9.3,11.66,24.01,-0.793,-0.523,-0.269
2022-09-28,8034700,10.0,11.86,27.97,-0.697,-0.456,-0.241
2022-09-27,8135200,10.1,12.05,28.59,-0.636,-0.396,-0.24
2022-09-26,14771100,10.4,12.25,30.49,-0.558,-0.336,-0.223
2022-09-23,7110600,11.05,12.48,35.2,-0.482,-0.28,-0.202
2022-09-22,8012800,11.4,12.68,38.14,-0.444,-0.23,-0.215
2022-09-21,4384200,11.15,12.86,34.51,-0.425,-0.176,-0.249
2022-09-20,9654700,11.5,13.04,37.36,-0.368,-0.114,-0.255
2022-09-19,6768000,11.15,13.2,32.16,-0.327,-0.05,-0.277
2022-09-16,5887900,11.95,13.36,39.04,-0.233,0.019,-0.252
2022-09-15,3881300,12.1,13.46,40.55,-0.192,0.082,-0.274
2022-09-14,6235500,12.35,13.56,43.14,-0.151,0.15,-0.302
2022-09-13,4059100,12.0,13.64,38.0,-0.123,0.226,-0.349
2022-09-12,2888400,12.1,13.72,38.93,-0.05,0.313,-0.363
2022-09-09,5845400,12.3,13.75,40.79,0.035,0.404,-0.369
2022-09-08,8525900,12.0,13.8,36.57,0.122,0.496,-0.374
2022-09-07,11008900,12.2,13.87,38.26,0.261,0.59,-0.328
2022-09-06,8523300,13.05,13.92,46.79,0.415,0.672,-0.257
2022-09-05,4375100,13.4,13.9,51.15,0.519,0.736,-0.217
2022-08-31,7019800,13.6,13.84,53.81,0.608,0.79,-0.182
2022-08-30,6384000,13.4,13.75,51.46,0.693,0.835,-0.142
2022-08-29,14182900,13.8,13.67,56.82,0.812,0.871,-0.059
2022-08-26,8237800,14.1,13.57,61.26,0.911,0.886,0.026
2022-08-25,9602300,15.0,13.42,78.29,0.994,0.879,0.115
2022-08-24,9339500,14.95,13.22,77.98,0.993,0.85,0.143
2022-08-23,10857800,15.0,13.01,79.05,0.983,0.815,0.168
2022-08-22,11429800,14.85,12.79,78.22,0.951,0.773,0.178
2022-08-19,11380600,14.65,12.58,77.09,0.911,0.728,0.183
2022-08-18,11684100,14.4,12.38,75.63,0.867,0.682,0.185
2022-08-17,9177100,14.0,12.21,73.07,0.824,0.636,0.188
2022-08-16,6334300,14.0,12.07,73.07,0.798,0.589,0.209
2022-08-15,11103400,13.9,11.91,72.45,0.753,0.537,0.216
2022-08-12,16525400,13.65,11.78,70.89,0.694,0.483,0.211
2022-08-11,13368000,12.8,11.64,64.55,0.635,0.43,0.205
2022-08-10,8531900,13.3,11.56,73.27,0.637,0.379,0.258
2022-08-09,8497200,13.3,11.42,73.27,0.579,0.315,0.265
2022-08-08,13347000,13.2,11.28,72.63,0.497,0.248,0.249
2022-08-05,12129200,12.8,11.12,69.97,0.395,0.186,0.209
2022-08-04,8897600,12.0,11.01,63.36,0.3,0.134,0.167
2022-08-03,7512500,11.95,10.91,62.88,0.256,0.092,0.164
2022-08-02,8454100,11.75,10.81,61.01,0.201,0.051,0.15
2022-08-01,11577400,11.8,10.73,61.73,0.148,0.014,0.135
2022-07-29,6276700,11.1,10.65,54.75,0.074,-0.02,0.094
2022-07-28,7983100,11.1,10.57,54.75,0.049,-0.043,0.092
2022-07-27,4017000,10.7,10.46,50.29,0.016,-0.066,0.082
2022-07-26,2811600,10.55,10.41,48.51,0.014,-0.087,0.101
2022-07-25,6262100,10.65,10.36,49.61,0.028,-0.112,0.14
2022-07-22,5315100,10.75,10.32,50.67,0.034,-0.147,0.182
2022-07-21,4772800,10.95,10.24,52.76,0.032,-0.193,0.225
2022-07-20,7581100,11.2,10.14,55.42,0.008,-0.249,0.257
2022-07-19,5876600,10.7,10.02,50.82,-0.048,-0.313,0.265
2022-07-18,7058600,11.3,9.89,57.43,-0.068,-0.379,0.311
2022-07-15,7255600,10.95,9.73,54.2,-0.154,-0.457,0.303
2022-07-14,9094100,11.1,9.63,55.89,-0.225,-0.533,0.308
2022-07-13,5916100,10.55,9.55,50.66,-0.328,-0.61,0.281
2022-07-12,5182100,10.45,9.54,49.66,-0.399,-0.68,0.281
2022-07-11,7088300,10.1,9.57,46.08,-0.474,-0.75,0.277
2022-07-08,6561700,10.5,9.64,49.84,-0.526,-0.819,0.293
2022-07-07,4759200,10.05,9.73,45.17,-0.626,-0.893,0.267
2022-07-06,6736100,9.97,9.85,44.32,-0.699,-0.959,0.26
2022-07-05,8001300,10.2,9.98,46.24,-0.774,-1.025,0.251
2022-07-04,7298300,10.1,10.06,45.28,-0.881,-1.087,0.206
2022-07-01,7744800,9.57,10.16,40.01,-0.995,-1.139,0.144
2022-06-30,5308200,8.95,10.3,32.99,-1.072,-1.175,0.102
2022-06-29,4782600,9.61,10.49,37.3,-1.092,-1.2,0.108
2022-06-28,5032400,9.61,10.66,37.3,-1.169,-1.227,0.058
2022-06-27,4481600,9.75,10.83,38.22,-1.25,-1.242,-0.008
2022-06-24,3895700,9.12,11.0,31.18,-1.349,-1.24,-0.109
2022-06-23,4869100,9.1,11.2,30.94,-1.392,-1.212,-0.179
2022-06-22,6019100,8.65,11.39,25.71,-1.424,-1.168,-0.257
2022-06-21,5787100,8.09,11.6,18.58,-1.399,-1.103,-0.296
2022-06-20,6658600,8.27,11.8,19.13,-1.29,-1.03,-0.26
2022-06-17,11650600,8.89,11.98,21.12,-1.149,-0.965,-0.185
2022-06-16,7922100,9.55,12.17,23.54,-1.017,-0.918,-0.099
2022-06-15,8433700,10.25,12.32,26.54,-0.9,-0.894,-0.006
2022-06-14,5356400,11.0,12.44,30.4,-0.809,-0.892,0.083
2022-06-13,8690300,11.5,12.48,33.4,-0.758,-0.913,0.155
2022-06-10,8666500,12.35,12.45,39.57,-0.733,-0.951,0.219
2022-06-09,5010900,12.5,12.38,40.8,-0.776,-1.006,0.23
2022-06-08,6285300,12.45,12.34,40.22,-0.835,-1.064,0.229
2022-06-07,7556600,11.8,12.34,32.25,-0.893,-1.121,0.227
2022-06-06,7560400,12.1,12.37,34.2,-0.889,-1.178,0.289
2022-06-03,6727000,12.55,12.42,37.36,-0.9,-1.25,0.35
2022-06-02,8794000,12.7,12.49,38.46,-0.948,-1.337,0.389
2022-06-01,6240800,12.95,12.6,40.29,-1.01,-1.435,0.425
2022-05-31,7675900,13.1,12.71,41.39,-1.1,-1.541,0.441
2022-05-30,7516100,13.1,12.83,41.39,-1.215,-1.651,0.437
2022-05-27,6687700,13.05,12.92,40.93,-1.343,-1.76,0.417
2022-05-26,10277600,13.0,13.03,40.49,-1.482,-1.865,0.383
2022-05-25,9662200,12.8,13.14,38.81,-1.633,-1.96,0.328
2022-05-24,8148300,12.0,13.21,31.64,-1.781,-2.042,0.261
2022-05-23,8774600,11.95,13.38,31.17,-1.863,-2.107,0.244
2022-05-20,7018500,12.7,13.55,34.46,-1.936,-2.168,0.233
2022-05-19,9725200,12.65,13.71,34.03,-2.076,-2.227,0.15
2022-05-18,5256700,12.55,13.9,33.21,-2.221,-2.264,0.043
2022-05-17,3380500,11.75,14.15,26.47,-2.363,-2.275,-0.088
2022-05-16,4978000,11.0,14.5,19.38,-2.428,-2.253,-0.175
2022-05-13,5848300,10.85,14.96,17.91,-2.399,-2.209,-0.19
2022-05-12,3386300,11.65,15.5,19.69,-2.313,-2.162,-0.151
2022-05-11,2434000,12.5,15.95,21.82,-2.25,-2.124,-0.126
2022-05-10,6333400,12.5,16.34,21.82,-2.224,-2.093,-0.132
2022-05-09,4234300,13.0,16.81,23.09,-2.159,-2.06,-0.099
2022-05-06,4426600,13.95,17.29,25.74,-2.095,-2.035,-0.06
2022-05-05,2872100,15.0,17.79,29.17,-2.079,-2.02,-0.059
2022-05-04,2507100,15.05,18.26,29.34,-2.136,-2.005,-0.13
2022-04-29,4248100,15.5,18.66,30.87,-2.182,-1.973,-0.209
2022-04-28,2946600,15.05,19.01,27.36,-2.255,-1.92,-0.335
2022-04-27,2066000,15.2,19.38,27.8,-2.27,-1.837,-0.433
2022-04-26,4433000,15.1,19.78,27.07,-2.271,-1.728,-0.543
2022-04-25,3258000,14.25,20.14,20.82,-2.229,-1.593,-0.637
2022-04-22,3169700,15.3,20.6,23.09,-2.057,-1.433,-0.624
2022-04-21,7428700,15.5,21.04,23.55,-1.914,-1.278,-0.637
2022-04-20,3262200,15.9,21.46,24.44,-1.725,-1.118,-0.606
2022-04-19,3888900,16.5,21.82,25.8,-1.498,-0.967,-0.531
2022-04-18,5405600,17.5,22.15,28.24,-1.248,-0.834,-0.414
2022-04-15,5245200,18.8,22.42,31.87,-1.013,-0.731,-0.282
2022-04-14,3609700,20.2,22.57,36.57,-0.83,-0.66,-0.17
2022-04-13,4040900,21.5,22.66,41.9,-0.727,-0.618,-0.11
2022-04-12,5637900,20.65,22.69,36.26,-0.718,-0.59,-0.128
2022-04-08,12119200,20.4,22.75,34.52,-0.609,-0.558,-0.051
2022-04-07,8841500,21.9,22.85,40.7,-0.435,-0.545,0.11
2022-04-06,14836200,22.6,22.9,44.12,-0.361,-0.573,0.212
2022-04-05,6667400,23.9,22.91,51.6,-0.331,-0.626,0.295
2022-04-04,12005800,24.4,22.86,54.92,-0.421,-0.7,0.279
2022-04-01,2937200,23.0,22.79,45.85,-0.58,-0.77,0.189
2022-03-31,2993300,22.55,22.78,42.39,-0.633,-0.817,0.184
2022-03-30,3858500,22.5,22.78,42.01,-0.645,-0.863,0.218
2022-03-29,4009400,23.25,22.77,46.29,-0.646,-0.918,0.272
2022-03-28,9281200,22.2,22.74,38.09,-0.714,-0.985,0.272
2022-03-25,5643300,23.5,22.77,46.19,-0.683,-1.053,0.37
2022-03-24,5437000,23.95,22.76,49.58,-0.767,-1.146,0.379
2022-03-23,12810000,24.0,22.71,49.96,-0.908,-1.241,0.332
2022-03-22,8792400,23.2,22.9,43.56,-1.081,-1.324,0.243
2022-03-21,6300400,23.0,23.14,41.84,-1.203,-1.385,0.181
2022-03-18,6473500,22.8,23.44,40.13,-1.322,-1.43,0.108
2022-03-17,1847600,21.95,23.73,32.32,-1.434,-1.457,0.022
2022-03-16,1521000,22.05,24.04,32.79,-1.47,-1.462,-0.008
2022-03-15,2096300,22.0,24.37,32.34,-1.504,-1.46,-0.044
2022-03-14,2930400,21.8,24.68,30.6,-1.521,-1.449,-0.072
2022-03-11,3271200,22.4,25.01,32.96,-1.5,-1.432,-0.068
2022-03-10,2632100,22.9,25.31,35.06,-1.512,-1.415,-0.098
2022-03-09,3590200,22.85,25.54,34.67,-1.557,-1.39,-0.167
2022-03-08,5297300,22.8,25.76,34.31,-1.586,-1.348,-0.238
2022-03-07,3942000,23.05,25.95,35.21,-1.596,-1.289,-0.307
2022-03-04,3146200,22.9,26.15,34.25,-1.61,-1.212,-0.398
2022-03-03,3011500,22.55,26.3,32.05,-1.589,-1.113,-0.476
2022-03-02,3074800,22.2,26.41,29.87,-1.504,-0.994,-0.51
2022-03-01,3497500,22.65,26.51,31.05,-1.338,-0.866,-0.472
2022-02-28,3402300,22.9,26.6,31.71,-1.152,-0.748,-0.404
2022-02-25,5429100,23.3,26.71,32.73,-0.924,-0.647,-0.277
2022-02-24,10102200,22.85,26.88,30.39,-0.659,-0.578,-0.082
2022-02-23,11564300,27.95,27.11,47.92,-0.267,-0.557,0.291
2022-02-22,5432000,27.8,27.03,47.08,-0.281,-0.63,0.349
2022-02-21,6478300,29.2,26.98,54.67,-0.28,-0.717,0.437
2022-02-18,3950800,28.5,26.94,51.0,-0.417,-0.827,0.41
2022-02-17,2616900,28.2,27.06,49.37,-0.514,-0.929,0.415
2022-02-16,1726800,28.65,27.17,51.77,-0.601,-1.033,0.432
2022-02-15,1962800,28.25,27.34,49.76,-0.748,-1.141,0.393
2022-02-14,4594400,28.4,27.54,50.49,-0.884,-1.239,0.355
2022-02-11,3019200,28.35,27.77,50.26,-1.061,-1.328,0.267
2022-02-10,2517700,27.45,28.08,46.14,-1.266,-1.394,0.128
2022-02-09,2543400,27.2,28.34,44.96,-1.417,-1.426,0.009
2022-02-08,1800800,26.6,28.64,42.14,-1.564,-1.429,-0.136
2022-02-07,2248000,27.1,28.98,43.88,-1.668,-1.395,-0.274
2022-01-28,2252500,25.8,29.28,37.66,-1.828,-1.326,-0.501
2022-01-27,2352700,24.9,29.64,32.88,-1.872,-1.201,-0.671
2022-01-26,2905800,24.1,29.94,28.35,-1.81,-1.033,-0.777
2022-01-25,4122700,24.6,30.29,29.5,-1.623,-0.839,-0.784
2022-01-24,4290500,24.95,30.62,30.31,-1.411,-0.643,-0.768
2022-01-21,3217800,26.8,30.89,34.99,-1.156,-0.451,-0.706
2022-01-20,2322200,27.45,31.03,36.84,-1.003,-0.274,-0.728
2022-01-19,3084800,26.4,31.21,31.38,-0.858,-0.092,-0.766
2022-01-18,7524200,26.6,31.51,31.87,-0.554,0.099,-0.653
2022-01-17,9027000,28.6,31.81,37.24,-0.178,0.262,-0.441
2022-01-14,4081800,30.75,32.0,44.76,0.1,0.372,-0.272
2022-01-13,5788000,30.5,32.04,43.53,0.235,0.441,-0.205
2022-01-12,8295700,32.0,32.12,49.71,0.43,0.492,-0.062
2022-01-11,5141000,32.15,32.17,50.37,0.519,0.507,0.011
2022-01-10,7506900,33.0,32.2,54.18,0.61,0.505,0.105
2022-01-07,9756900,34.6,32.15,62.43,0.631,0.478,0.153
2022-01-06,5728800,32.8,32.01,55.32,0.485,0.44,0.045
2022-01-05,6366800,33.2,31.86,57.57,0.476,0.429,0.047
2022-01-04,5597400,33.3,31.78,58.12,0.416,0.417,-0.001
2021-12-31,5897900,33.0,31.67,56.98,0.323,0.417,-0.094
2021-12-30,8765100,33.1,31.7,57.46,0.231,0.441,-0.21
2021-12-29,3358800,30.95,31.85,48.77,0.099,0.493,-0.394
2021-12-28,4049900,30.95,32.13,48.77,0.149,0.592,-0.443
2021-12-27,2740200,31.4,32.41,50.64,0.211,0.703,-0.492
2021-12-24,4223800,30.2,32.63,45.46,0.24,0.826,-0.586
2021-12-23,8831100,29.6,32.8,42.67,0.396,0.972,-0.576
2021-12-22,7362800,31.1,32.99,48.42,0.651,1.116,-0.465
2021-12-21,4247800,32.4,33.09,54.31,0.814,1.232,-0.419
2021-12-20,5644900,32.6,33.12,55.27,0.877,1.337,-0.46
2021-12-17,5746600,32.4,33.09,54.52,0.925,1.452,-0.526
2021-12-16,5348800,31.55,33.17,51.32,0.994,1.583,-0.59
2021-12-15,5252600,32.0,33.21,53.16,1.153,1.731,-0.578
2021-12-14,7366200,33.2,33.12,58.34,1.294,1.875,-0.581
2021-12-13,4516800,32.6,32.97,56.37,1.333,2.02,-0.688
2021-12-10,6849000,32.05,32.89,54.53,1.424,2.192,-0.769
2021-12-09,5878300,31.7,32.73,53.37,1.575,2.384,-0.809
2021-12-08,5292300,30.0,32.63,47.31,1.782,2.587,-0.805
2021-12-07,12042700,31.4,32.62,52.53,2.192,2.788,-0.596
2021-12-06,10707000,31.25,32.51,52.01,2.541,2.937,-0.396
2021-12-03,19976300,33.55,32.34,61.77,2.965,3.036,-0.071
2021-12-02,9421300,36.05,31.97,76.21,3.229,3.054,0.176
2021-12-01,7696800,36.6,31.45,80.03,3.265,3.01,0.255
2021-11-30,9944400,36.55,30.82,79.94,3.207,2.946,0.261
2021-11-29,18524600,35.85,30.24,78.77,3.091,2.881,0.21
2021-11-26,11951600,33.55,29.64,74.16,2.97,2.828,0.141
2021-11-25,24712700,33.5,29.07,74.05,3.006,2.793,0.213
2021-11-24,7637300,33.0,28.46,72.94,3.013,2.74,0.273
2021-11-23,9378000,33.0,27.86,72.94,3.029,2.671,0.358
2021-11-22,10174200,32.0,27.25,70.79,3.006,2.582,0.424
2021-11-19,11810000,33.9,26.68,82.32,3.035,2.476,0.559
2021-11-18,8159800,32.4,26.05,79.92,2.834,2.336,0.497
2021-11-17,5930500,30.3,25.46,75.63,2.688,2.212,0.476
2021-11-16,4872600,30.2,24.96,75.39,2.678,2.093,0.585
2021-11-15,7153000,30.9,24.48,80.38,2.635,1.947,0.689
2021-11-12,7145200,28.95,23.94,76.33,2.472,1.775,0.697
2021-11-11,8962800,29.6,23.42,81.54,2.426,1.6,0.825
2021-11-10,3786000,29.85,22.88,83.58,2.265,1.394,0.871
2021-11-09,8639800,29.1,22.33,82.35,2.002,1.176,0.826
2021-11-08,7619100,27.95,21.82,80.25,1.713,0.97,0.744
2021-11-05,6058200,26.15,21.33,76.1,1.437,0.784,0.653
2021-11-04,6943200,25.65,20.92,74.74,1.246,0.62,0.626
2021-11-03,10187100,24.0,20.54,69.37,1.036,0.464,0.573
2021-11-02,6413900,24.95,20.25,78.26,0.921,0.321,0.6
2021-11-01,6836500,23.75,19.92,74.41,0.664,0.17,0.493
2021-10-29,6828700,22.2,19.61,67.51,0.448,0.047,0.401
2021-10-28,5384200,21.4,19.38,62.69,0.323,-0.053,0.376
2021-10-27,3964900,20.9,19.2,59.18,0.242,-0.147,0.389
2021-10-26,3024200,20.75,19.04,58.08,0.184,-0.244,0.429
2021-10-25,3899500,20.8,18.91,58.57,0.124,-0.351,0.476
2021-10-22,5327500,21.2,18.76,62.47,0.04,-0.47,0.511
2021-10-21,3616900,20.6,18.63,58.63,-0.108,-0.598,0.49
2021-10-20,5213100,20.4,18.54,57.28,-0.235,-0.72,0.486
2021-10-19,5930400,20.55,18.46,58.61,-0.373,-0.842,0.469
2021-10-18,9036800,20.0,18.36,55.04,-0.559,-0.959,0.401
2021-10-15,2432900,18.7,18.31,44.54,-0.732,-1.059,0.328
2021-10-14,2088500,18.8,18.34,45.3,-0.81,-1.141,0.332
2021-10-13,2204300,18.7,18.35,44.42,-0.908,-1.224,0.317
2021-10-12,5453700,18.9,18.35,45.78,-1.009,-1.303,0.294
2021-10-11,2766100,18.25,18.33,40.26,-1.145,-1.377,0.232
2021-10-08,2797500,17.95,18.37,37.53,-1.235,-1.435,0.2
2021-10-07,2201800,18.1,18.45,38.34,-1.301,-1.485,0.184
2021-10-06,1617900,18.05,18.52,37.93,-1.382,-1.531,0.149
2021-10-05,2859900,18.35,18.6,39.41,-1.46,-1.568,0.108
2021-10-04,2126400,17.55,18.59,32.92,-1.569,-1.595,0.026
2021-10-01,1558200,17.65,19.05,33.34,-1.604,-1.602,-0.003
2021-09-30,1014300,17.9,19.52,34.34,-1.636,-1.601,-0.035
2021-09-29,1358800,17.7,20.0,32.84,-1.678,-1.592,-0.086
2021-09-28,2096800,18.0,20.55,33.92,-1.687,-1.571,-0.116
2021-09-27,2627100,17.9,21.05,33.24,-1.704,-1.542,-0.162
2021-09-24,1656200,18.65,21.47,35.8,-1.691,-1.501,-0.19
2021-09-23,3411700,18.75,21.92,36.15,-1.726,-1.454,-0.273
2021-09-22,2208700,18.65,22.42,35.57,-1.757,-1.385,-0.371
2021-09-21,2809700,18.6,23.02,35.3,-1.759,-1.292,-0.467
2021-09-20,3003400,19.0,23.57,36.44,-1.732,-1.176,-0.556
2021-09-17,3209400,19.45,24.02,37.71,-1.713,-1.037,-0.676
2021-09-16,1600200,18.85,24.36,34.9,-1.709,-0.868,-0.841
2021-09-15,3261400,18.8,24.65,34.67,-1.618,-0.658,-0.96
2021-09-14,3646600,18.4,24.92,32.92,-1.474,-0.418,-1.056
2021-09-13,3034700,19.0,25.12,34.19,-1.227,-0.154,-1.074
2021-09-10,2800000,19.6,25.3,35.47,-0.956,0.115,-1.071
2021-09-09,11534500,19.6,25.48,35.47,-0.657,0.382,-1.039
2021-09-08,1466200,19.5,25.67,35.12,-0.265,0.642,-0.907
2021-09-07,611600,18.25,25.88,30.79,0.249,0.869,-0.621
2021-09-06,10275300,26.75,26.12,53.24,1.028,1.024,0.004
2021-09-01,6641500,27.0,25.92,54.32,1.142,1.023,0.119
2021-08-31,6082500,27.5,25.68,56.45,1.246,0.994,0.252
2021-08-30,4240500,28.7,25.4,61.86,1.309,0.931,0.378
2021-08-27,6261900,28.1,25.06,60.08,1.249,0.836,0.413
2021-08-26,4204000,26.3,24.76,54.14,1.215,0.733,0.482
2021-08-25,4966000,27.6,24.53,60.14,1.337,0.613,0.724
2021-08-24,10549500,28.65,24.24,65.6,1.341,0.432,0.909
2021-08-23,7469900,30.8,23.91,79.28,1.219,0.204,1.015
2021-08-20,13701800,29.5,23.49,76.54,0.828,-0.049,0.877
2021-08-19,6117800,28.1,23.1,72.95,0.448,-0.269,0.717
2021-08-18,7827200,26.3,22.72,66.91,0.1,-0.448,0.548
2021-08-17,5228900,24.6,22.42,58.85,-0.162,-0.585,0.423
2021-08-16,5670200,24.05,22.22,55.6,-0.322,-0.691,0.369
2021-08-13,3284600,22.5,22.05,44.04,-0.465,-0.783,0.318
2021-08-12,3052200,22.7,22.03,45.46,-0.483,-0.863,0.379
2021-08-11,2819400,23.05,22.01,47.97,-0.52,-0.957,0.438
2021-08-10,3205200,23.5,21.94,51.36,-0.594,-1.067,0.472
2021-08-09,2400800,23.55,21.84,51.73,-0.727,-1.185,0.458
2021-08-06,3358100,23.2,21.78,49.32,-0.891,-1.3,0.409
2021-08-05,3645100,22.75,21.82,46.1,-1.051,-1.402,0.351
2021-08-04,3005700,22.15,21.96,41.49,-1.194,-1.49,0.295
2021-08-03,2231900,21.8,22.18,38.65,-1.299,-1.563,0.265
2021-08-02,2118400,21.9,22.38,39.16,-1.378,-1.63,0.252
2021-07-30,2662100,22.2,22.68,40.63,-1.468,-1.693,0.224
2021-07-29,1452600,21.7,22.99,36.96,-1.594,-1.749,0.155
2021-07-28,3066400,21.7,23.33,36.96,-1.679,-1.787,0.108
2021-07-27,2631900,22.1,23.66,38.61,-1.764,-1.814,0.05
2021-07-26,2708300,22.5,23.99,40.28,-1.888,-1.827,-0.061
2021-07-23,6588500,21.75,24.33,35.41,-2.058,-1.812,-0.247
2021-07-22,2540300,20.35,24.72,24.8,-2.17,-1.75,-0.42
2021-07-21,2020900,20.4,25.15,24.94,-2.139,-1.645,-0.493
2021-07-20,5155200,20.55,25.59,25.32,-2.072,-1.522,-0.551
2021-07-19,3186400,20.6,26.05,25.45,-1.973,-1.384,-0.589
2021-07-16,2014500,22.1,26.52,29.39,-1.823,-1.237,-0.586
2021-07-15,1965600,22.3,26.84,29.97,-1.757,-1.091,-0.666
2021-07-14,3629000,21.75,27.13,26.28,-1.668,-0.924,-0.744
2021-07-13,4779200,21.4,27.46,23.92,-1.473,-0.738,-0.735
2021-07-12,3111200,22.35,27.81,26.02,-1.169,-0.554,-0.614
2021-07-09,4080500,24.0,28.1,30.33,-0.859,-0.401,-0.458
2021-07-08,1895500,25.6,28.29,35.64,-0.62,-0.286,-0.334
2021-07-07,4765200,26.5,28.36,39.22,-0.468,-0.203,-0.266
2021-07-06,6419500,25.9,28.41,35.18,-0.36,-0.136,-0.223
2021-07-05,4191300,27.75,28.51,43.45,-0.154,-0.08,-0.074
2021-07-02,4438300,28.45,28.62,47.35,-0.079,-0.062,-0.017
2021-07-01,5020900,28.5,28.74,47.64,-0.053,-0.058,0.005
2021-06-30,3996000,28.25,28.93,46.14,-0.023,-0.059,0.036
2021-06-29,5649700,28.85,29.06,49.28,0.04,-0.068,0.108
2021-06-28,5324200,29.3,29.14,51.74,0.059,-0.095,0.154
2021-06-25,3209600,29.6,29.11,53.39,0.037,-0.133,0.17
2021-06-24,2393700,28.9,28.97,49.93,-0.023,-0.176,0.153
2021-06-23,2892300,29.15,28.85,51.19,-0.028,-0.214,0.186
2021-06-22,3561500,29.7,28.77,53.97,-0.058,-0.261,0.202
2021-06-21,6626500,30.1,28.64,56.03,-0.153,-0.311,0.158
2021-06-18,2982600,28.5,28.49,48.79,-0.312,-0.351,0.039
2021-06-17,2789300,28.05,28.41,46.48,-0.348,-0.36,0.013
2021-06-16,2770700,28.25,28.4,47.36,-0.343,-0.364,0.021
2021-06-15,3361600,28.45,28.31,48.21,-0.351,-0.369,0.018
2021-06-14,5030000,28.25,28.14,47.34,-0.377,-0.373,-0.004
2021-06-11,3401400,27.75,28.05,45.19,-0.385,-0.372,-0.013
2021-06-10,3648800,27.05,28.06,42.12,-0.338,-0.369,0.031
2021-06-09,7420500,27.5,28.1,43.58,-0.203,-0.377,0.174
2021-06-08,6156400,27.85,28.16,44.69,-0.072,-0.42,0.348
2021-06-07,7282300,29.9,28.23,51.92,0.06,-0.507,0.567
2021-06-04,8296300,31.0,28.24,56.47,0.019,-0.649,0.668
2021-06-03,8538100,32.3,28.22,62.47,-0.146,-0.816,0.67
2021-06-02,6074400,30.7,28.12,57.28,-0.486,-0.983,0.497
2021-06-01,6575100,30.4,28.09,56.22,-0.751,-1.107,0.356
2021-05-31,8932500,28.75,28.16,49.91,-1.047,-1.196,0.149
2021-05-28,5169000,26.9,28.42,41.06,-1.243,-1.234,-0.009
2021-05-27,2410800,26.5,28.78,38.89,-1.285,-1.231,-0.054
2021-05-26,4350300,27.4,29.2,42.13,-1.28,-1.218,-0.062
2021-05-25,3197200,27.2,29.55,41.12,-1.346,-1.203,-0.144
2021-05-24,4417700,27.2,29.88,41.12,-1.391,-1.167,-0.224
2021-05-21,2543300,26.8,30.1,39.29,-1.428,-1.11,-0.317
2021-05-20,4843800,27.9,30.24,42.67,-1.414,-1.031,-0.383
2021-05-19,2730500,26.35,30.33,35.39,-1.487,-0.935,-0.551
2021-05-18,8274700,25.05,30.45,28.29,-1.401,-0.798,-0.603
2021-05-17,6786900,26.55,30.66,32.06,-1.138,-0.647,-0.491
2021-05-14,4570100,28.0,30.84,36.42,-0.939,-0.524,-0.415
2021-05-13,6372000,27.85,30.94,35.58,-0.819,-0.42,-0.399
2021-05-12,7616100,28.55,31.09,37.75,-0.639,-0.321,-0.318
2021-05-11,6543800,29.4,31.23,40.53,-0.47,-0.241,-0.229
2021-05-10,8264100,30.1,31.33,42.95,-0.335,-0.184,-0.151
2021-05-07,8000900,30.6,31.36,44.72,-0.229,-0.146,-0.083
2021-05-06,4035100,30.25,31.37,43.2,-0.141,-0.125,-0.016
2021-05-05,9117300,30.0,31.41,42.14,0.008,-0.121,0.129
2021-05-04,9321700,31.75,31.47,47.94,0.225,-0.154,0.378
2021-04-29,10145700,34.1,31.48,57.88,0.319,-0.248,0.568
2021-04-28,10243700,33.95,31.32,57.35,0.196,-0.39,0.586
2021-04-27,15593000,35.05,31.13,62.66,0.052,-0.537,0.589
2021-04-26,11024800,34.35,30.98,60.5,-0.245,-0.684,0.438
2021-04-23,13639700,33.85,30.91,58.92,-0.55,-0.793,0.243
2021-04-22,17688000,31.65,30.91,50.93,-0.88,-0.854,-0.026
2021-04-20,4819700,29.6,30.92,40.99,-1.064,-0.848,-0.216
2021-04-19,4975200,29.6,31.14,40.99,-1.075,-0.794,-0.281
2021-04-16,5691000,28.8,31.44,36.68,-1.073,-0.724,-0.349
2021-04-15,5152100,29.25,31.8,38.13,-0.974,-0.636,-0.338
2021-04-14,5198900,30.1,32.2,40.99,-0.879,-0.552,-0.327
2021-04-13,6634600,30.0,32.64,40.5,-0.831,-0.47,-0.361
2021-04-12,5260300,30.9,33.09,43.5,-0.748,-0.38,-0.368
2021-04-09,3767800,31.25,33.62,44.7,-0.723,-0.288,-0.435
2021-04-08,5598200,31.4,33.99,45.19,-0.716,-0.179,-0.537
2021-04-07,4532800,30.8,34.24,42.84,-0.712,-0.045,-0.667
2021-04-06,6179300,30.75,34.5,42.65,-0.635,0.122,-0.757
2021-04-05,6614800,31.0,34.84,43.32,-0.523,0.311,-0.834
2021-04-02,5286200,31.3,35.3,44.09,-0.397,0.519,-0.917
2021-04-01,4302000,31.95,35.74,45.73,-0.262,0.749,-1.011
2021-03-31,7887000,30.95,36.08,42.69,-0.152,1.001,-1.153
2021-03-30,9769200,30.0,36.41,39.72,0.093,1.289,-1.196
2021-03-29,5481100,32.05,36.67,44.33,0.501,1.588,-1.087
2021-03-26,6447200,33.0,36.78,46.66,0.806,1.86,-1.054
2021-03-25,12478600,33.8,36.86,48.66,1.086,2.124,-1.037
2021-03-24,8392300,31.8,36.79,42.98,1.347,2.383,-1.036
2021-03-23,7267200,34.05,36.71,48.59,1.864,2.642,-0.779
2021-03-22,8022600,35.6,36.61,53.02,2.267,2.837,-0.57
2021-03-19,9668100,36.05,36.32,54.35,2.591,2.979,-0.388
2021-03-18,7047300,37.35,35.91,58.29,2.921,3.076,-0.155
2021-03-17,7192500,38.85,35.35,63.19,3.167,3.115,0.052
2021-03-16,7723600,39.0,34.74,63.69,3.283,3.102,0.181
2021-03-15,8765500,41.45,34.1,72.33,3.368,3.057,0.311
2021-03-12,8782600,38.75,33.29,67.87,3.177,2.979,0.198
2021-03-11,6155700,36.25,32.66,62.7,3.163,2.93,0.233
2021-03-10,6086300,36.0,32.13,62.14,3.353,2.872,0.481
2021-03-09,7942400,37.55,31.64,68.08,3.573,2.751,0.821
2021-03-08,8958000,40.2,30.98,80.26,3.643,2.546,1.097
2021-03-05,8436100,40.15,30.12,80.2,3.41,2.272,1.138
2021-03-04,6189500,38.7,29.26,78.36,3.068,1.987,1.08
2021-03-03,8186500,37.65,28.39,76.93,2.734,1.717,1.017
2021-03-02,5252900,35.2,27.66,73.05,2.376,1.463,0.913
2021-03-01,4637500,34.15,27.14,71.13,2.133,1.235,0.898
2021-02-26,7261900,34.65,26.74,73.45,1.899,1.01,0.889
2021-02-25,5007600,32.4,26.36,69.25,1.522,0.788,0.734
2021-02-24,5647000,30.3,26.12,64.36,1.248,0.604,0.644
2021-02-23,7911200,31.9,25.97,72.52,1.094,0.443,0.65
2021-02-22,6571700,29.85,25.73,67.64,0.718,0.281,0.437
2021-02-19,6433800,27.9,25.67,61.63,0.436,0.172,0.264
2021-02-18,1920000,26.1,25.62,54.35,0.269,0.106,0.163
2021-02-17,1982400,26.75,25.57,58.04,0.235,0.065,0.17
2021-02-09,2844400,26.15,25.46,55.45,0.122,0.022,0.1
2021-02-08,3073900,25.25,25.41,51.26,0.038,-0.003,0.04
2021-02-05,1692100,26.0,25.39,55.28,0.021,-0.013,0.033
2021-02-04,2448200,25.8,25.3,54.4,-0.078,-0.021,-0.057
2021-02-03,3050000,26.1,,55.94,-0.182,-0.007,-0.175
2021-02-02,3864300,24.4,,48.2,-0.343,0.037,-0.38
2021-02-01,3911900,22.9,,39.48,-0.37,0.132,-0.502
2021-01-29,2202500,22.95,,39.69,-0.247,0.257,-0.504
2021-01-28,1943500,21.45,,29.39,-0.091,0.383,-0.474
2021-01-27,3007400,23.05,,35.37,0.262,0.502,-0.24
2021-01-26,2428400,24.75,,44.26,0.546,0.562,-0.016
2021-01-25,3178300,26.2,,55.25,0.727,0.566,0.161
2021-01-22,4398900,27.1,,64.49,0.8,0.526,0.275
2021-01-21,3763100,27.6,,70.57,0.791,0.457,0.334
2021-01-20,5723500,27.2,,68.36,0.716,0.374,0.342
2021-01-19,5344700,27.05,,67.5,0.65,0.288,0.362
2021-01-18,6137300,28.7,,93.15,0.573,0.197,0.376
2021-01-15,5288100,26.85,,88.67,0.298,0.103,0.194
2021-01-14,3526300,25.1,,73.35,0.13,0.055,0.075
2021-01-13,3205600,24.7,,62.61,0.093,0.036,0.057
2021-01-12,3057600,25.1,,100.0,0.084,0.022,0.062
2021-01-11,3365300,24.75,,100.0,0.032,0.006,0.026
2021-01-08,484900,24.35,,,0.0,0.0,0.0
