code,date,close,open,high,low,volume
VIX,2025-11-05,27.05,27.85,27.85,26.75,32145600
VIX,2025-11-04,27.85,25.7,27.85,25.7,63196200
VIX,2025-11-03,26.05,28.0,28.15,26.05,70721900
VIX,2025-10-31,28.0,29.0,29.9,27.55,47723100
VIX,2025-10-30,29.3,31.6,31.6,29.3,65614800
VIX,2025-10-29,31.5,32.05,32.2,31.1,26712800
VIX,2025-10-28,32.0,31.5,32.0,30.85,27812200
VIX,2025-10-27,31.0,31.0,32.9,30.8,56368900
VIX,2025-10-24,30.95,32.75,32.8,30.95,51360700
VIX,2025-10-23,33.1,35.0,35.0,33.1,22088700
VIX,2025-10-22,34.8,34.85,35.1,32.5,35307200
VIX,2025-10-21,34.7,35.55,36.2,33.4,76646100
VIX,2025-10-20,35.75,38.2,39.0,35.75,45007500
VIX,2025-10-17,38.4,39.7,40.15,38.25,42432700
VIX,2025-10-16,39.55,40.05,40.45,39.2,37095400
VIX,2025-10-15,39.6,39.8,40.2,39.15,42894900
VIX,2025-10-14,39.1,38.2,40.05,38.1,76556600
VIX,2025-10-13,37.5,37.05,37.65,36.7,33204000
VIX,2025-10-10,37.65,38.0,38.7,37.45,40677300
VIX,2025-10-09,38.1,38.9,38.9,37.6,31750600
VIX,2025-10-08,38.1,38.5,38.75,36.55,41788400
VIX,2025-10-07,37.5,38.0,38.9,37.35,27375700
VIX,2025-10-06,37.95,36.5,37.95,36.0,44750500
VIX,2025-10-03,35.5,36.1,36.1,35.1,22114400
VIX,2025-10-02,36.2,37.5,37.5,36.05,14714700
VIX,2025-10-01,37.0,36.8,37.8,36.55,31091800
VIX,2025-09-30,36.1,36.5,36.5,35.15,17665600
VIX,2025-09-29,36.1,36.0,36.7,35.5,17398800
VIX,2025-09-26,36.0,37.4,37.4,35.95,22037800
VIX,2025-09-25,37.25,37.3,38.0,37.05,24967300
VIX,2025-09-24,37.1,37.15,37.15,36.0,25941200
VIX,2025-09-23,36.9,36.15,37.2,35.75,23333000
VIX,2025-09-22,36.15,36.0,36.2,33.55,47687900
VIX,2025-09-19,35.2,37.1,37.5,35.2,39114500
VIX,2025-09-18,37.0,36.7,37.45,35.7,27618300
VIX,2025-09-17,36.5,37.5,37.7,36.5,20204000
VIX,2025-09-16,38.0,39.95,39.95,37.5,62363500
VIX,2025-09-15,37.45,36.5,37.45,36.0,49369000
VIX,2025-09-12,35.0,35.05,35.15,34.35,27309800
VIX,2025-09-11,34.8,35.7,35.7,33.3,44949800
VIX,2025-09-10,35.8,36.4,36.45,35.15,33130600
VIX,2025-09-09,35.5,32.6,35.5,31.55,38455200
VIX,2025-09-08,33.5,35.95,35.95,33.5,48937200
VIX,2025-09-05,36.0,38.0,38.0,35.5,38178100
VIX,2025-09-04,37.5,37.85,37.95,37.1,24527700
VIX,2025-09-03,37.45,37.6,37.85,36.9,22924900
VIX,2025-08-29,37.7,38.8,39.25,37.65,64672100
VIX,2025-08-28,38.4,37.0,38.45,35.85,58098900
VIX,2025-08-27,36.85,36.05,37.25,35.5,61173100
VIX,2025-08-26,34.85,32.45,34.85,32.3,32111700
VIX,2025-08-25,32.6,36.45,36.45,32.3,35657100
VIX,2025-08-22,34.5,34.4,35.5,32.9,43479600
VIX,2025-08-21,35.0,37.3,37.5,35.0,33667700
VIX,2025-08-20,36.5,36.3,37.45,33.8,48731400
VIX,2025-08-19,36.3,37.25,38.05,35.8,33039100
VIX,2025-08-18,37.0,36.4,37.0,35.25,38995000
VIX,2025-08-15,34.7,34.7,34.7,33.5,45093800
VIX,2025-08-13,30.35,30.0,30.45,28.3,61939500
VIX,2025-08-12,30.0,29.6,30.2,29.0,31299200
VIX,2025-08-11,29.25,29.0,29.95,28.4,46874400
VIX,2025-08-08,28.5,28.55,29.2,27.85,52277200
VIX,2025-08-07,28.35,29.2,29.2,27.75,39959500
VIX,2025-08-06,28.5,26.95,28.65,26.45,60174500
VIX,2025-08-05,26.8,28.45,28.45,25.8,77812600
VIX,2025-08-04,27.7,25.35,27.9,25.3,45086000
VIX,2025-08-01,26.3,27.3,27.8,26.0,50221700
VIX,2025-07-31,27.3,26.3,27.3,25.55,54199600
VIX,2025-07-30,25.6,24.4,25.6,23.45,72979100
VIX,2025-07-29,23.95,27.35,27.35,23.95,118786000
VIX,2025-07-28,25.7,25.6,25.7,25.15,32943200
VIX,2025-07-25,24.05,22.9,24.05,22.7,35258900
VIX,2025-07-24,22.5,22.0,22.5,21.4,44869600
VIX,2025-07-23,21.65,21.5,22.05,20.85,64590100
VIX,2025-07-22,20.65,19.15,20.65,19.1,61721300
VIX,2025-07-21,19.3,19.45,19.7,18.6,71038700
VIX,2025-07-18,18.85,17.9,18.85,17.8,65011100
VIX,2025-07-17,17.65,17.7,18.0,17.35,51288400
VIX,2025-07-16,17.1,16.0,17.1,16.0,91904900
VIX,2025-07-15,16.0,15.75,16.7,15.7,60606300
VIX,2025-07-14,15.8,15.85,15.9,15.35,46475900
VIX,2025-07-11,15.85,15.6,16.1,15.45,50644800
VIX,2025-07-10,15.6,15.65,15.75,15.2,46300600
VIX,2025-07-09,15.55,15.3,16.0,15.3,60326700
VIX,2025-07-08,15.15,14.85,15.2,14.75,55672600
VIX,2025-07-07,14.85,14.75,15.2,14.55,69939100
VIX,2025-07-04,14.55,14.3,14.8,14.3,74330400
VIX,2025-07-03,14.15,13.7,14.6,13.6,125401100
VIX,2025-07-02,13.65,12.8,13.65,12.8,120961800
VIX,2025-07-01,12.8,12.9,12.9,12.65,25903800
VIX,2025-06-30,12.75,12.9,13.0,12.75,19153200
VIX,2025-06-27,12.7,12.85,12.9,12.65,16828200
VIX,2025-06-26,12.7,12.8,12.85,12.6,17666900
VIX,2025-06-25,12.85,12.95,13.0,12.8,21455400
VIX,2025-06-24,12.9,12.7,13.1,12.65,53372200
VIX,2025-06-23,12.45,12.45,12.5,12.15,22294700
VIX,2025-06-20,12.55,12.55,12.7,12.5,14686900
VIX,2025-06-19,12.45,12.6,12.6,12.4,15391600
VIX,2025-06-18,12.6,12.75,12.8,12.55,22702900
VIX,2025-06-17,13.15,13.35,13.4,13.1,27625800
VIX,2025-06-16,13.3,12.9,13.3,12.9,23979700
VIX,2025-06-13,13.0,13.15,13.25,12.8,65948900
VIX,2025-06-12,13.4,13.4,13.55,13.35,26886400
VIX,2025-06-11,13.3,13.35,13.5,13.2,23927500
VIX,2025-06-10,13.2,13.15,13.45,13.15,38515700
VIX,2025-06-09,13.15,13.55,13.65,13.1,37896600
VIX,2025-06-06,13.55,13.8,13.85,13.45,47686000
VIX,2025-06-05,13.85,14.1,14.2,13.7,50710300
VIX,2025-06-04,14.1,14.1,14.35,14.0,39324700
VIX,2025-06-03,14.05,14.15,14.45,13.95,65402200
VIX,2025-06-02,13.9,13.6,13.9,13.5,33480800
VIX,2025-05-30,13.65,13.9,14.1,13.5,44885500
VIX,2025-05-29,13.9,13.9,14.25,13.7,55360700
VIX,2025-05-28,13.8,13.85,14.2,13.55,74828200
VIX,2025-05-27,13.6,13.65,13.85,13.45,46189100
VIX,2025-05-26,13.55,13.45,13.65,12.95,54036500
VIX,2025-05-23,13.4,13.8,13.85,13.3,42501200
VIX,2025-05-22,13.55,13.45,14.25,13.35,105880300
VIX,2025-05-21,13.4,13.45,13.6,13.25,49411300
VIX,2025-05-20,13.3,12.85,13.4,12.7,64797400
VIX,2025-05-19,12.8,12.95,13.15,12.8,43199400
VIX,2025-05-16,13.05,13.15,13.4,13.05,67956900
VIX,2025-05-15,13.1,12.95,13.15,12.7,47917400
VIX,2025-05-14,12.85,12.85,13.1,12.7,37213600
VIX,2025-05-13,12.85,12.9,13.25,12.7,60474000
VIX,2025-05-12,12.6,12.55,12.65,12.4,29467400
VIX,2025-05-09,12.45,12.5,12.8,12.4,38831900
VIX,2025-05-08,12.4,12.25,12.5,12.2,25755200
VIX,2025-05-07,12.15,12.25,12.4,12.1,27039700
VIX,2025-05-06,12.3,12.55,12.65,12.25,30955400
VIX,2025-05-05,12.45,12.1,12.6,12.05,33787000
VIX,2025-04-29,11.95,12.05,12.15,11.95,17988200
VIX,2025-04-28,12.05,12.15,12.2,11.95,18906700
VIX,2025-04-25,12.0,12.25,12.25,11.9,24851100
VIX,2025-04-24,12.1,12.4,12.4,11.85,42194500
VIX,2025-04-23,12.25,12.65,12.7,12.25,23702500
VIX,2025-04-22,12.2,12.25,12.55,11.65,109293200
VIX,2025-04-21,12.5,12.95,13.05,12.3,42548600
VIX,2025-04-18,12.7,12.75,13.2,12.6,90243800
VIX,2025-04-17,12.55,12.3,12.8,12.3,37149800
VIX,2025-04-16,12.45,12.75,12.85,12.35,30521000
VIX,2025-04-15,12.6,12.7,13.1,12.25,51452100
VIX,2025-04-14,12.7,12.05,12.7,11.9,61248500
VIX,2025-04-11,11.9,11.7,11.9,11.3,71997000
VIX,2025-04-10,11.15,11.15,11.15,11.15,1233300
VIX,2025-04-09,10.45,10.45,11.05,10.45,92920700
VIX,2025-04-08,11.2,11.6,11.8,11.2,21589100
VIX,2025-04-04,12.0,11.25,12.0,11.25,77554400
VIX,2025-04-03,12.05,12.45,12.6,12.05,71170000
VIX,2025-04-02,12.95,12.6,13.1,12.5,62087700
VIX,2025-04-01,12.5,12.35,12.6,12.3,20158400
VIX,2025-03-31,12.25,12.45,12.5,12.25,27401500
VIX,2025-03-28,12.55,12.55,12.7,12.4,34013100
VIX,2025-03-27,12.55,12.7,12.75,12.55,25071200
VIX,2025-03-26,12.6,12.45,12.8,12.4,48809200
VIX,2025-03-25,12.45,12.45,12.85,12.3,58779300
VIX,2025-03-24,12.35,12.25,12.35,12.1,25081100
VIX,2025-03-21,12.25,12.2,12.45,12.2,28560000
VIX,2025-03-20,12.3,12.15,12.4,12.05,24819000
VIX,2025-03-19,12.1,12.15,12.2,11.9,25783800
VIX,2025-03-18,12.2,12.45,12.5,12.1,32914800
VIX,2025-03-17,12.3,12.3,12.45,12.25,22900000
VIX,2025-03-14,12.3,12.1,12.4,12.05,33569400
VIX,2025-03-13,12.2,12.4,12.5,12.1,41309900
VIX,2025-03-12,12.45,12.0,12.5,12.0,87926300
VIX,2025-03-11,11.95,11.7,12.05,11.55,45997000
VIX,2025-03-10,11.9,11.9,12.15,11.85,39652300
VIX,2025-03-07,11.85,12.0,12.15,11.8,40172000
VIX,2025-03-06,11.85,11.25,11.85,11.2,113122700
VIX,2025-03-05,11.1,11.5,11.7,11.1,59867900
VIX,2025-03-04,11.5,11.7,11.85,11.0,96300700
VIX,2025-03-03,11.8,11.45,12.0,11.3,65459400
VIX,2025-02-28,11.45,11.5,11.7,11.35,35634800
VIX,2025-02-27,11.5,11.5,11.6,11.2,39566700
VIX,2025-02-26,11.45,11.5,11.7,11.4,36947400
VIX,2025-02-25,11.45,11.55,11.7,11.4,51596300
VIX,2025-02-24,11.5,11.25,11.55,11.15,42255300
VIX,2025-02-21,11.3,11.2,11.3,11.1,29387600
VIX,2025-02-20,11.25,11.25,11.45,11.1,49075500
VIX,2025-02-19,11.2,11.05,11.2,10.95,49089700
VIX,2025-02-18,10.95,10.85,11.15,10.7,42349200
VIX,2025-02-17,10.75,10.2,10.85,10.15,87797000
VIX,2025-02-14,10.15,10.1,10.3,10.1,25225600
VIX,2025-02-13,10.05,9.98,10.2,9.96,17348500
VIX,2025-02-12,9.98,9.94,10.15,9.94,15566200
VIX,2025-02-11,9.94,9.96,10.0,9.94,8591300
VIX,2025-02-10,9.96,10.05,10.1,9.94,20728200
VIX,2025-02-07,10.1,10.15,10.15,10.0,10815300
VIX,2025-02-06,10.05,10.1,10.3,10.0,23316200
VIX,2025-02-05,9.99,10.2,10.2,9.97,18885900
VIX,2025-02-04,10.15,9.87,10.15,9.87,24068300
VIX,2025-01-24,9.89,9.6,10.0,9.6,23384600
VIX,2025-01-23,9.58,9.45,9.65,9.43,13938700
VIX,2025-01-22,9.43,9.59,9.67,9.43,9683900
VIX,2025-01-21,9.58,9.53,9.65,9.51,11194500
VIX,2025-01-20,9.53,9.47,9.6,9.41,14100100
VIX,2025-01-17,9.47,9.48,9.54,9.42,8462200
VIX,2025-01-16,9.42,9.33,9.8,9.33,14603400
VIX,2025-01-15,9.25,9.04,9.29,9.04,11082000
VIX,2025-01-14,9.04,9.12,9.24,9.04,10708400
VIX,2025-01-13,9.12,9.15,9.24,9.03,17489000
VIX,2025-01-10,9.2,9.56,9.59,9.2,20384700
VIX,2025-01-09,9.56,9.61,9.68,9.56,5551700
VIX,2025-01-08,9.64,9.5,9.69,9.5,7523700
VIX,2025-01-07,9.5,9.65,9.73,9.46,12106000
VIX,2025-01-06,9.6,9.86,9.89,9.54,14300600
VIX,2025-01-03,9.86,9.95,10.0,9.86,10941300
VIX,2025-01-02,9.94,9.84,10.1,9.84,8591000
VIX,2024-12-31,9.85,10.0,10.05,9.85,14713800
VIX,2024-12-30,10.0,10.15,10.2,9.99,12057500
VIX,2024-12-27,10.15,10.15,10.25,10.1,9085600
VIX,2024-12-26,10.15,10.25,10.3,10.15,7500800
VIX,2024-12-25,10.25,10.1,10.4,10.1,14037100
VIX,2024-12-24,10.1,10.2,10.25,10.05,10966400
VIX,2024-12-23,10.2,10.3,10.35,10.2,10009300
VIX,2024-12-20,10.3,10.25,10.3,10.1,28825900
VIX,2024-12-19,10.2,10.25,10.3,10.1,19957000
VIX,2024-12-18,10.35,10.3,10.45,10.25,13446000
VIX,2024-12-17,10.3,10.4,10.4,10.3,13213300
VIX,2024-12-16,10.35,10.05,10.4,10.05,23363300
VIX,2024-12-13,10.05,10.1,10.2,10.05,8828900
VIX,2024-12-12,10.15,10.15,10.25,10.1,8531300
VIX,2024-12-11,10.15,10.25,10.3,10.1,12128300
VIX,2024-12-10,10.2,10.2,10.35,10.2,12191000
VIX,2024-12-09,10.25,10.25,10.4,10.2,16018400
VIX,2024-12-06,10.2,10.4,10.5,10.2,24868100
VIX,2024-12-05,10.35,9.75,10.35,9.61,36627400
VIX,2024-12-04,9.71,9.88,9.93,9.71,15773100
VIX,2024-12-03,9.88,10.0,10.1,9.88,20594400
VIX,2024-12-02,10.05,10.15,10.2,10.0,8431100
VIX,2024-11-29,10.05,10.0,10.2,9.98,15915100
VIX,2024-11-28,10.0,10.15,10.2,10.0,11562600
VIX,2024-11-27,10.05,10.15,10.2,10.0,8478700
VIX,2024-11-26,10.1,9.83,10.25,9.83,24994000
VIX,2024-11-25,9.83,9.72,9.89,9.72,13241300
VIX,2024-11-22,9.72,9.86,9.88,9.72,13558800
VIX,2024-11-21,9.87,9.7,9.88,9.68,12212100
VIX,2024-11-20,9.68,9.58,9.84,9.44,20069900
VIX,2024-11-19,9.58,9.9,9.97,9.58,14856600
VIX,2024-11-18,9.9,9.65,10.1,9.65,24066900
VIX,2024-11-15,9.7,9.91,10.0,9.6,29351400
VIX,2024-11-14,9.92,10.1,10.2,9.9,20729900
VIX,2024-11-13,10.15,10.35,10.4,10.0,37984500
VIX,2024-11-12,10.4,10.55,10.65,10.35,16101100
VIX,2024-11-11,10.5,10.65,10.7,10.45,18359300
VIX,2024-11-08,10.65,10.8,10.85,10.65,10132900
VIX,2024-11-07,10.75,10.9,10.95,10.75,11310900
VIX,2024-11-06,10.8,10.7,10.85,10.6,15274200
VIX,2024-11-05,10.6,10.75,10.85,10.6,9901900
VIX,2024-11-04,10.75,10.85,10.85,10.5,25135900
VIX,2024-11-01,10.75,10.9,10.95,10.75,11102800
VIX,2024-10-31,10.95,10.9,11.0,10.8,13709900
VIX,2024-10-30,10.85,11.0,11.05,10.8,14315000
VIX,2024-10-29,11.0,11.0,11.15,10.95,14649800
VIX,2024-10-28,10.95,11.0,11.1,10.9,32908200
VIX,2024-10-25,11.1,11.35,11.35,11.1,11382400
VIX,2024-10-24,11.25,11.45,11.45,11.25,15051100
VIX,2024-10-23,11.45,11.5,11.55,11.4,8938400
VIX,2024-10-22,11.5,11.55,11.7,11.4,14411300
VIX,2024-10-21,11.55,11.4,11.8,11.3,29166500
VIX,2024-10-18,11.4,11.6,11.6,11.4,8806800
VIX,2024-10-17,11.45,11.35,11.45,11.15,16469900
VIX,2024-10-16,11.3,11.35,11.5,11.2,20853900
VIX,2024-10-15,11.3,11.5,11.6,11.3,19077300
VIX,2024-10-14,11.5,11.95,12.05,11.4,47401800
VIX,2024-10-11,11.9,11.85,11.9,11.8,12856900
VIX,2024-10-10,11.85,12.15,12.2,11.75,27572900
VIX,2024-10-09,12.05,12.05,12.2,11.9,18933100
VIX,2024-10-08,12.0,11.85,12.15,11.7,27947000
VIX,2024-10-07,11.85,11.85,11.95,11.7,11837800
VIX,2024-10-04,11.8,11.85,11.95,11.75,14097600
VIX,2024-10-03,11.85,12.3,12.35,11.7,36110100
VIX,2024-10-02,12.2,12.3,12.4,12.15,21606200
VIX,2024-10-01,12.35,12.1,12.65,12.0,50102400
VIX,2024-09-30,12.0,11.95,12.2,11.8,23709300
VIX,2024-09-27,11.9,12.0,12.15,11.85,23206000
VIX,2024-09-26,11.95,12.05,12.1,11.9,19666300
VIX,2024-09-25,12.0,11.45,12.0,11.45,39869600
VIX,2024-09-24,11.4,11.4,11.45,11.3,7783800
VIX,2024-09-23,11.35,11.4,11.45,11.3,9292300
VIX,2024-09-20,11.25,11.5,11.6,11.25,34788200
VIX,2024-09-19,11.4,11.45,11.5,11.3,8365000
VIX,2024-09-18,11.35,11.35,11.6,11.3,15519400
VIX,2024-09-17,11.3,11.05,11.3,11.05,10040600
VIX,2024-09-16,11.05,11.4,11.4,11.05,12148800
VIX,2024-09-13,11.3,11.4,11.5,11.25,11841900
VIX,2024-09-12,11.25,11.5,11.55,11.25,8021600
VIX,2024-09-11,11.3,11.35,11.5,11.15,14810100
VIX,2024-09-10,11.35,11.8,11.8,11.25,21326400
VIX,2024-09-09,11.65,11.8,11.8,11.55,14059000
VIX,2024-09-06,11.8,11.9,11.95,11.65,17922300
VIX,2024-09-05,11.9,12.15,12.2,11.8,20041100
VIX,2024-09-04,12.0,11.9,12.1,11.85,20352200
VIX,2024-08-30,12.15,12.2,12.2,11.9,40942100
VIX,2024-08-29,12.15,12.1,12.35,11.9,54515500
VIX,2024-08-28,12.05,11.95,12.05,11.65,36321300
VIX,2024-08-27,11.9,12.1,12.15,11.8,26442400
VIX,2024-08-26,12.15,12.3,12.4,12.05,31266200
VIX,2024-08-23,12.15,12.15,12.25,11.9,28508900
VIX,2024-08-22,12.15,12.25,12.25,12.05,18601500
VIX,2024-08-21,12.25,12.1,12.25,11.95,22595700
VIX,2024-08-20,12.15,12.0,12.35,11.75,37741700
VIX,2024-08-19,12.0,12.2,12.25,11.85,25136700
VIX,2024-08-16,11.95,11.25,11.95,11.2,55165900
VIX,2024-08-15,11.2,11.15,11.2,10.9,15148700
VIX,2024-08-14,11.1,11.45,11.45,11.05,17980300
VIX,2024-08-13,11.35,11.5,11.5,11.15,15174500
VIX,2024-08-12,11.5,11.4,11.5,11.3,13020800
VIX,2024-08-09,11.35,11.3,11.45,11.15,21616400
VIX,2024-08-08,11.1,11.0,11.35,11.0,11727900
VIX,2024-08-07,11.15,11.25,11.25,10.95,11779100
VIX,2024-08-06,11.15,11.15,11.25,10.85,15203300
VIX,2024-08-05,10.85,11.15,11.5,10.75,24602800
VIX,2024-08-02,11.5,11.1,11.55,11.0,24816400
VIX,2024-08-01,11.15,11.55,11.55,10.9,32787900
VIX,2024-07-31,11.25,11.25,11.25,11.1,28663500
VIX,2024-07-30,13.2,13.9,13.9,13.2,39949300
VIX,2024-07-29,13.9,13.9,14.2,13.85,22024400
VIX,2024-07-26,13.8,14.2,14.2,13.65,20236800
VIX,2024-07-25,14.05,14.5,14.5,14.0,9187300
VIX,2024-07-24,14.5,13.55,14.55,13.55,18622400
VIX,2024-07-23,13.95,14.95,15.0,13.9,31441600
VIX,2024-07-22,14.75,15.4,15.55,14.75,27572200
VIX,2024-07-19,15.8,16.85,16.9,15.8,55222400
VIX,2024-07-18,16.95,16.7,16.95,16.4,7969300
VIX,2024-07-17,16.6,17.1,17.2,16.45,14003900
VIX,2024-07-16,16.9,16.95,17.2,16.85,8490500
VIX,2024-07-15,16.85,16.95,17.0,16.8,5485800
VIX,2024-07-12,16.85,17.25,17.3,16.85,9459200
VIX,2024-07-11,17.2,17.15,17.3,17.05,9638400
VIX,2024-07-10,17.0,17.25,17.3,17.0,6093700
VIX,2024-07-09,17.25,16.8,17.3,16.8,13005100
VIX,2024-07-08,16.8,16.95,17.05,16.75,6437900
VIX,2024-07-05,16.8,17.0,17.0,16.7,6754800
VIX,2024-07-04,16.95,17.1,17.3,16.9,6217500
VIX,2024-07-03,17.05,16.85,17.15,16.85,7895700
VIX,2024-07-02,16.85,16.7,16.85,16.65,5463100
VIX,2024-07-01,16.6,16.5,16.65,16.25,6408700
VIX,2024-06-28,16.4,16.8,16.9,16.2,15197200
VIX,2024-06-27,16.8,16.8,16.95,16.65,7150700
VIX,2024-06-26,16.8,16.8,17.05,16.7,7789700
VIX,2024-06-25,16.8,16.8,16.95,16.65,10805700
VIX,2024-06-24,16.7,17.5,17.6,16.6,33192500
VIX,2024-06-21,17.5,17.65,17.8,17.5,15258900
VIX,2024-06-20,17.6,18.15,18.15,17.6,22939200
VIX,2024-06-19,18.05,18.2,18.3,18.0,15750500
VIX,2024-06-18,18.2,18.35,18.45,18.15,13424600
VIX,2024-06-17,18.2,18.2,18.4,18.05,17129000
VIX,2024-06-14,18.2,19.05,19.2,18.2,32262000
VIX,2024-06-13,18.9,19.2,19.25,18.9,15162300
VIX,2024-06-12,19.05,18.45,19.25,18.4,50539200
VIX,2024-06-11,18.35,18.35,18.4,18.1,17089900
VIX,2024-06-10,18.25,18.15,18.45,18.1,14502000
VIX,2024-06-07,18.05,18.2,18.25,18.05,12232300
VIX,2024-06-06,18.1,18.2,18.35,18.0,11665700
VIX,2024-06-05,18.15,18.4,18.5,18.15,13273400
VIX,2024-06-04,18.25,18.4,18.65,18.25,17645100
VIX,2024-06-03,18.35,18.2,18.5,18.2,23339400
VIX,2024-05-31,18.0,17.9,18.25,17.9,16869900
VIX,2024-05-30,17.9,17.75,18.05,17.55,21945200
VIX,2024-05-29,18.0,18.15,18.4,17.9,18816300
VIX,2024-05-28,18.15,18.0,18.2,17.9,15171500
VIX,2024-05-27,17.9,17.7,17.95,17.5,11674100
VIX,2024-05-24,17.7,18.15,18.25,17.45,34730400
VIX,2024-05-23,18.4,18.15,18.4,17.65,29132500
VIX,2024-05-22,18.2,18.35,18.75,18.1,28465200
VIX,2024-05-21,18.3,18.25,18.4,17.95,20781800
VIX,2024-05-20,18.25,18.5,18.6,18.25,22182800
VIX,2024-05-17,18.25,18.2,18.45,18.05,20800900
VIX,2024-05-16,18.15,18.1,18.35,18.0,27146500
VIX,2024-05-15,17.85,17.5,18.15,17.5,27860800
VIX,2024-05-14,17.5,17.6,17.75,17.45,9984700
VIX,2024-05-13,17.55,17.6,17.8,17.4,17701600
VIX,2024-05-10,17.55,17.4,17.6,17.15,18466000
VIX,2024-05-09,17.25,17.6,17.7,17.2,17253400
VIX,2024-05-08,17.5,17.3,17.75,17.15,22962200
VIX,2024-05-07,17.5,17.6,17.65,17.35,14662100
VIX,2024-05-06,17.6,17.0,17.65,16.9,28662500
VIX,2024-05-03,16.8,17.0,17.1,16.7,14412500
VIX,2024-05-02,16.75,16.85,16.95,16.6,11509400
VIX,2024-04-26,16.85,16.7,17.1,16.7,16459000
VIX,2024-04-25,17.1,17.15,17.2,16.9,15161200
VIX,2024-04-24,17.25,16.9,17.4,16.75,26365800
VIX,2024-04-23,16.55,17.15,17.2,16.45,20899500
VIX,2024-04-22,17.15,16.85,17.4,16.65,27927800
VIX,2024-04-19,16.3,16.6,17.2,16.0,47414700
VIX,2024-04-17,17.0,18.0,18.05,17.0,32305000
VIX,2024-04-16,17.85,18.1,18.2,16.95,62504400
VIX,2024-04-15,18.15,19.45,19.75,18.15,43872200
VIX,2024-04-12,19.5,19.4,19.7,19.2,22798700
VIX,2024-04-11,19.15,18.95,19.35,18.9,26483000
VIX,2024-04-10,19.2,19.65,19.65,19.2,17468800
VIX,2024-04-09,19.65,19.1,19.65,18.95,27604300
VIX,2024-04-08,18.95,19.45,19.45,18.95,33944100
VIX,2024-04-05,19.3,19.8,19.85,19.3,51517300
VIX,2024-04-04,20.1,20.55,20.6,20.0,30664900
VIX,2024-04-03,20.5,21.0,21.4,20.5,42439900
VIX,2024-04-02,20.95,20.5,20.95,20.15,25867300
VIX,2024-04-01,20.55,20.45,20.8,20.1,31818500
VIX,2024-03-29,20.55,21.0,21.0,20.5,29218300
VIX,2024-03-28,21.0,21.25,21.25,20.75,29128100
VIX,2024-03-27,21.0,21.35,21.35,20.7,26462600
VIX,2024-03-26,20.95,20.2,20.95,19.8,35860900
VIX,2024-03-25,20.2,20.7,20.7,20.0,40039600
VIX,2024-03-22,20.15,20.4,20.7,19.9,39365100
VIX,2024-03-21,20.15,20.55,20.6,19.95,32807200
VIX,2024-03-20,20.0,19.4,20.0,19.2,28825700
VIX,2024-03-19,19.3,19.95,19.95,19.3,23912800
VIX,2024-03-18,19.75,21.0,21.2,19.35,62725200
VIX,2024-03-15,20.8,20.8,21.2,20.25,25393300
VIX,2024-03-14,20.8,20.15,21.45,20.0,46825800
VIX,2024-03-13,20.1,18.85,20.1,18.85,37286500
VIX,2024-03-12,18.8,19.15,19.25,18.7,34312900
VIX,2024-03-11,19.4,19.45,19.65,18.8,34039700
VIX,2024-03-08,19.45,19.95,20.15,19.4,38530900
VIX,2024-03-07,19.8,18.7,20.0,18.65,63121400
VIX,2024-03-06,18.65,19.15,19.3,18.55,22984900
VIX,2024-03-05,19.1,18.95,19.15,18.6,29867300
VIX,2024-03-04,18.9,19.3,19.35,18.8,25303600
VIX,2024-03-01,18.9,18.35,18.95,18.35,38393700
VIX,2024-02-29,18.3,18.3,18.8,18.15,36495800
VIX,2024-02-28,18.15,18.2,18.45,18.0,28140100
VIX,2024-02-27,18.1,18.1,18.45,17.9,22081700
VIX,2024-02-26,17.95,17.45,18.15,17.3,24947100
VIX,2024-02-23,17.5,18.2,18.2,17.45,37253400
VIX,2024-02-22,18.05,18.3,18.4,18.05,15180100
VIX,2024-02-21,18.35,18.35,18.5,18.15,24689500
VIX,2024-02-20,18.3,18.0,18.7,18.0,49421900
VIX,2024-02-19,17.9,17.95,18.0,17.5,27335500
VIX,2024-02-16,17.95,17.85,18.15,17.8,21892500
VIX,2024-02-15,17.85,18.2,18.25,17.8,24610900
VIX,2024-02-07,18.1,18.1,18.25,17.85,16138800
VIX,2024-02-06,18.0,17.9,18.3,17.85,25528000
VIX,2024-02-05,17.8,17.75,17.9,17.65,15557700
VIX,2024-02-02,17.7,17.55,18.0,17.45,39022200
VIX,2024-02-01,17.4,17.5,17.55,17.35,12072900
VIX,2024-01-31,17.45,17.45,17.9,17.4,37296800
VIX,2024-01-30,17.4,17.25,17.4,17.1,14185800
VIX,2024-01-29,17.25,17.4,17.55,17.25,14750000
VIX,2024-01-26,17.35,17.35,17.5,17.3,13983800
VIX,2024-01-25,17.35,17.55,17.55,17.35,9967400
VIX,2024-01-24,17.4,17.35,17.7,17.35,24395100
VIX,2024-01-23,17.35,17.4,17.5,17.3,16659800
VIX,2024-01-22,17.35,17.5,17.6,17.05,23008300
VIX,2024-01-19,17.35,17.8,17.9,17.3,26828400
VIX,2024-01-18,17.45,17.5,17.7,17.35,19269900
VIX,2024-01-17,17.45,17.15,17.95,17.05,52825200
VIX,2024-01-16,17.05,16.65,17.05,16.6,17245700
VIX,2024-01-15,16.7,17.1,17.2,16.7,21280400
VIX,2024-01-12,16.95,17.05,17.35,16.85,36632100
VIX,2024-01-11,17.2,16.9,17.3,16.8,42515800
VIX,2024-01-10,16.7,16.95,17.0,16.6,18711900
VIX,2024-01-09,16.95,17.05,17.3,16.9,25700700
VIX,2024-01-08,16.9,16.9,17.15,16.75,20208100
VIX,2024-01-05,16.75,16.9,16.9,16.6,12793200
VIX,2024-01-04,16.75,16.7,17.25,16.7,31652100
VIX,2024-01-03,16.65,16.35,16.65,16.35,13671800
VIX,2024-01-02,16.4,17.3,17.35,16.15,51739900
VIX,2023-12-29,17.1,17.2,17.25,17.05,13095800
VIX,2023-12-28,17.1,17.05,17.3,17.0,17094000
VIX,2023-12-27,17.1,17.2,17.45,17.1,19914400
VIX,2023-12-26,17.1,17.05,17.2,16.95,15361800
VIX,2023-12-25,16.9,16.75,17.1,16.6,19444900
VIX,2023-12-22,16.7,16.9,17.15,16.65,19619900
VIX,2023-12-21,16.85,16.7,16.9,16.7,10020900
VIX,2023-12-20,16.95,16.9,17.15,16.7,17481900
VIX,2023-12-19,16.8,16.4,16.8,16.35,16399400
VIX,2023-12-18,16.4,16.6,16.65,16.35,12670000
VIX,2023-12-15,16.5,16.4,16.9,16.3,24036200
VIX,2023-12-14,16.45,16.85,16.9,16.4,24074000
VIX,2023-12-13,16.6,17.3,17.35,16.6,28221900
VIX,2023-12-12,17.1,17.2,17.35,17.05,12588200
VIX,2023-12-11,17.1,17.0,17.3,16.6,41138300
VIX,2023-12-08,17.2,17.5,17.6,17.0,23882500
VIX,2023-12-07,17.45,18.05,18.1,17.0,73885100
VIX,2023-12-06,18.05,17.7,18.15,17.6,29383800
VIX,2023-12-05,17.7,17.8,17.95,17.6,32030100
VIX,2023-12-04,17.8,17.15,17.85,17.1,68838100
VIX,2023-12-01,16.7,16.6,16.85,16.3,29422400
VIX,2023-11-30,16.4,16.35,16.9,16.35,38612500
VIX,2023-11-29,16.45,16.4,16.55,16.2,24052300
VIX,2023-11-28,16.25,16.1,16.3,15.5,35570300
VIX,2023-11-27,16.1,16.6,16.6,16.05,22101800
VIX,2023-11-24,16.6,16.3,16.6,15.6,56859900
VIX,2023-11-23,16.0,17.4,17.5,16.0,45211400
VIX,2023-11-22,17.2,17.0,17.3,16.75,42751200
VIX,2023-11-21,17.0,17.1,17.25,16.75,29376700
VIX,2023-11-20,16.9,15.8,17.0,15.8,49138000
VIX,2023-11-17,16.2,16.8,17.05,16.0,61236100
VIX,2023-11-16,16.8,16.15,16.8,16.05,35444200
VIX,2023-11-15,16.35,16.85,16.9,16.1,40181500
VIX,2023-11-14,16.15,16.4,16.7,16.0,34908100
VIX,2023-11-13,15.95,15.95,16.2,15.25,45324000
VIX,2023-11-10,15.75,15.4,16.45,15.35,56222700
VIX,2023-11-09,15.6,15.15,15.6,15.0,61692300
VIX,2023-11-08,14.6,13.65,14.6,13.55,46780300
VIX,2023-11-07,13.65,13.65,14.1,13.5,29527900
VIX,2023-11-06,13.85,13.85,13.9,13.5,26572700
VIX,2023-11-03,13.65,13.8,14.1,13.4,39567500
VIX,2023-11-02,13.65,13.2,13.65,13.05,34187000
VIX,2023-11-01,12.8,12.25,12.8,11.9,38898700
VIX,2023-10-31,12.05,12.6,13.0,11.8,36020400
VIX,2023-10-30,12.65,13.3,13.55,12.65,21232000
VIX,2023-10-27,13.6,14.0,14.0,12.9,32405600
VIX,2023-10-26,13.65,14.25,14.3,13.65,46463900
VIX,2023-10-25,14.65,14.8,15.25,14.6,24900600
VIX,2023-10-24,14.7,14.6,14.8,14.35,17873900
VIX,2023-10-23,14.4,15.0,15.1,14.3,20967000
VIX,2023-10-20,15.0,14.45,15.1,13.8,27968700
VIX,2023-10-19,14.4,14.95,15.15,14.35,23731900
VIX,2023-10-18,14.85,14.7,15.3,14.3,48845800
VIX,2023-10-17,14.3,15.5,15.8,14.3,21891200
VIX,2023-10-16,15.3,15.7,15.85,15.3,19235500
VIX,2023-10-13,15.7,15.5,16.05,15.25,27355800
VIX,2023-10-12,15.9,16.3,16.3,15.75,20755700
VIX,2023-10-11,16.05,15.6,16.05,15.3,22644200
VIX,2023-10-10,15.55,15.7,16.15,15.5,31678400
VIX,2023-10-09,15.45,15.25,15.55,15.05,25316300
VIX,2023-10-06,15.15,14.15,15.15,14.15,37828900
VIX,2023-10-05,14.2,15.25,15.45,14.2,23176100
VIX,2023-10-04,15.15,14.05,15.7,14.05,44958100
VIX,2023-10-03,14.9,15.65,15.8,14.9,37147800
VIX,2023-10-02,16.0,15.8,16.5,15.65,30483800
VIX,2023-09-29,15.75,16.15,16.35,15.7,20660600
VIX,2023-09-28,15.9,16.45,16.45,15.7,31375400
VIX,2023-09-27,16.55,15.8,16.55,14.8,47829100
VIX,2023-09-26,15.7,16.0,17.2,15.5,56084700
VIX,2023-09-25,16.55,17.45,17.8,16.55,38759100
VIX,2023-09-22,17.75,18.35,18.5,17.75,64651100
VIX,2023-09-21,19.05,19.75,19.75,18.95,31435300
VIX,2023-09-20,19.75,18.9,19.8,18.7,26477600
VIX,2023-09-19,18.8,19.25,19.3,18.2,38605400
VIX,2023-09-18,19.05,19.4,19.6,18.9,30840100
VIX,2023-09-15,19.6,19.5,19.65,18.8,34389400
VIX,2023-09-14,19.3,20.0,20.1,19.15,40416000
VIX,2023-09-13,20.0,20.6,20.75,19.75,38055500
VIX,2023-09-12,20.6,19.35,20.6,19.15,38159100
VIX,2023-09-11,19.3,19.95,20.1,19.3,44899400
VIX,2023-09-08,19.8,19.75,20.15,19.7,26292400
VIX,2023-09-07,19.9,20.2,20.2,19.7,31460000
VIX,2023-09-06,20.1,19.65,20.4,19.25,42709500
VIX,2023-09-05,19.65,19.95,19.95,19.5,31375500
VIX,2023-08-31,19.8,19.5,19.8,19.2,33021900
VIX,2023-08-30,19.45,18.75,19.5,18.3,37976300
VIX,2023-08-29,18.75,19.0,19.0,18.1,38024500
VIX,2023-08-28,18.75,18.3,18.75,18.2,32148300
VIX,2023-08-25,18.2,17.85,18.3,17.55,42437900
VIX,2023-08-24,17.85,16.9,17.85,16.6,38715000
VIX,2023-08-23,16.7,17.3,17.35,16.5,26066700
VIX,2023-08-22,17.0,16.6,17.0,15.3,41746900
VIX,2023-08-21,16.4,16.8,16.9,15.8,40496100
VIX,2023-08-18,16.95,17.85,18.0,16.95,37040000
VIX,2023-08-17,18.2,18.35,18.7,18.05,30795400
VIX,2023-08-16,18.25,17.0,18.25,16.85,43470200
VIX,2023-08-15,17.15,17.1,17.15,16.6,30104300
VIX,2023-08-14,17.0,16.4,17.0,16.2,40845300
VIX,2023-08-11,16.2,16.2,16.2,15.55,19695300
VIX,2023-08-10,16.05,16.4,16.4,15.8,21713700
VIX,2023-08-09,16.25,16.05,16.5,15.8,23013000
VIX,2023-08-08,16.1,17.05,17.05,16.1,25984100
VIX,2023-08-07,16.9,17.0,17.15,16.7,22862200
VIX,2023-08-04,16.75,17.0,17.0,16.5,21457400
VIX,2023-08-03,16.85,16.35,17.05,16.15,37890000
VIX,2023-08-02,16.35,15.2,16.35,15.1,29697700
VIX,2023-08-01,15.3,16.0,16.0,15.15,27403500
VIX,2023-07-31,15.7,15.5,15.7,15.2,29136700
VIX,2023-07-28,15.2,14.4,15.2,14.35,33466700
VIX,2023-07-27,14.45,14.65,14.7,14.1,19486900
VIX,2023-07-26,14.4,14.0,14.4,13.75,18324100
VIX,2023-07-25,14.0,14.25,14.3,13.85,16235100
VIX,2023-07-24,14.25,14.2,14.25,13.75,19330900
VIX,2023-07-21,14.0,13.95,14.2,13.75,24399200
VIX,2023-07-20,13.55,13.25,13.6,13.05,21298100
VIX,2023-07-19,13.1,13.1,13.65,12.9,34498800
VIX,2023-07-18,12.9,12.9,12.9,12.5,13871200
VIX,2023-07-17,12.8,12.95,13.15,12.65,26733900
VIX,2023-07-14,12.5,11.9,12.5,11.75,42224700
VIX,2023-07-13,11.7,11.5,11.75,11.45,14424200
VIX,2023-07-12,11.35,11.5,11.65,11.3,12472000
VIX,2023-07-11,11.5,11.65,11.85,11.5,19674400
VIX,2023-07-10,11.55,11.5,11.6,11.35,18546600
VIX,2023-07-07,11.35,10.9,11.4,10.7,24664200
VIX,2023-07-06,11.2,11.35,11.55,10.9,20331900
VIX,2023-07-05,11.5,11.6,11.75,11.45,21827900
VIX,2023-07-04,11.5,10.95,11.55,10.9,19399700
VIX,2023-07-03,10.95,10.9,11.05,10.75,7998000
VIX,2023-06-30,10.8,10.6,10.85,10.6,12210500
VIX,2023-06-29,10.7,11.2,11.2,10.65,16236000
VIX,2023-06-28,11.2,11.1,11.45,10.85,16516200
VIX,2023-06-27,11.1,11.65,11.65,10.9,23758800
VIX,2023-06-26,11.5,12.0,12.1,11.35,68551300
VIX,2023-06-23,12.2,11.85,12.4,11.7,19869500
VIX,2023-06-22,11.8,11.75,11.8,11.5,13288000
VIX,2023-06-21,11.6,11.15,11.65,11.05,21285500
VIX,2023-06-20,11.05,10.9,11.05,10.7,10661700
VIX,2023-06-19,10.9,10.95,11.1,10.8,13014500
VIX,2023-06-16,10.9,10.95,11.35,10.85,30384200
VIX,2023-06-15,10.65,10.6,10.7,10.4,15110900
VIX,2023-06-14,10.6,10.95,11.05,10.6,17028100
VIX,2023-06-13,10.9,11.1,11.25,10.9,16155700
VIX,2023-06-12,11.0,11.3,11.35,10.85,14619000
VIX,2023-06-09,11.2,10.8,11.2,10.7,22491000
VIX,2023-06-08,10.7,10.75,11.3,10.7,31851300
VIX,2023-06-07,10.8,10.5,10.8,10.25,15972400
VIX,2023-06-06,10.45,9.97,10.45,9.92,20654700
VIX,2023-06-05,9.97,10.1,10.25,9.89,23119100
VIX,2023-06-02,9.97,9.86,10.1,9.86,23512700
VIX,2023-06-01,9.76,9.4,9.8,9.37,17985300
VIX,2023-05-31,9.37,9.45,9.5,9.35,15668800
VIX,2023-05-30,9.45,9.53,9.64,9.35,19299500
VIX,2023-05-29,9.5,9.22,9.5,9.15,15559100
VIX,2023-05-26,9.08,8.78,9.3,8.72,18990500
VIX,2023-05-25,8.75,8.8,8.94,8.72,19224400
VIX,2023-05-24,9.79,9.83,9.94,9.71,23933600
VIX,2023-05-23,9.75,9.95,10.05,9.67,21682300
VIX,2023-05-22,9.86,9.9,10.1,9.72,15828100
VIX,2023-05-19,9.8,9.6,9.81,9.5,23337700
VIX,2023-05-18,9.5,10.0,10.25,9.5,21999700
VIX,2023-05-17,9.94,10.3,10.45,9.88,17494800
VIX,2023-05-16,10.3,9.7,10.3,9.66,23502900
VIX,2023-05-15,9.65,10.25,10.35,9.65,21778400
VIX,2023-05-12,10.0,9.45,10.0,9.31,22162700
VIX,2023-05-11,9.45,9.6,9.69,9.43,20209000
VIX,2023-05-10,9.61,9.55,9.7,9.55,14101900
VIX,2023-05-09,9.41,8.82,9.41,8.69,27545900
VIX,2023-05-08,8.8,8.91,9.1,8.8,25488600
VIX,2023-05-05,8.79,8.51,8.85,8.51,24166800
VIX,2023-05-04,8.49,7.95,8.49,7.89,37487800
VIX,2023-04-28,7.94,7.86,7.97,7.84,8062100
VIX,2023-04-27,7.82,7.92,8.02,7.8,7882200
VIX,2023-04-26,7.9,7.8,7.93,7.79,9108600
VIX,2023-04-25,7.82,8.12,8.23,7.76,14209700
VIX,2023-04-24,8.04,7.75,8.09,7.66,17200800
VIX,2023-04-21,7.75,7.64,7.98,7.64,12826200
VIX,2023-04-20,7.62,7.63,7.7,7.6,4880600
VIX,2023-04-19,7.63,7.85,7.98,7.61,9190200
VIX,2023-04-18,7.8,7.7,7.86,7.63,9070500
VIX,2023-04-17,7.67,7.55,7.7,7.5,9276600
VIX,2023-04-14,7.5,7.96,7.99,7.5,17121800
VIX,2023-04-13,7.9,8.11,8.16,7.86,16242300
VIX,2023-04-12,8.1,8.34,8.35,8.09,11058900
VIX,2023-04-11,8.3,8.14,8.3,7.95,14495000
VIX,2023-04-10,8.15,8.3,8.47,8.12,15161100
VIX,2023-04-07,8.07,7.92,8.1,7.86,16158300
VIX,2023-04-06,7.89,8.38,8.49,7.8,17193100
VIX,2023-04-05,8.34,8.2,8.37,8.12,10562400
VIX,2023-04-04,8.25,8.06,8.28,7.94,17153100
VIX,2023-04-03,8.04,8.04,8.04,7.91,14590800
VIX,2023-03-31,7.7,7.57,7.8,7.42,14383900
VIX,2023-03-30,7.57,7.79,7.79,7.56,10164900
VIX,2023-03-29,7.58,7.55,7.63,7.45,7454100
VIX,2023-03-28,7.57,7.73,7.83,7.53,12693400
VIX,2023-03-27,7.59,7.3,7.67,7.29,16187700
VIX,2023-03-24,7.26,7.17,7.35,7.16,10337000
VIX,2023-03-23,7.07,6.95,7.14,6.95,5809400
VIX,2023-03-22,7.05,7.14,7.14,7.05,3042800
VIX,2023-03-21,7.06,7.1,7.1,6.9,2264300
VIX,2023-03-20,6.96,7.16,7.17,6.96,4899200
VIX,2023-03-17,7.28,7.11,7.28,6.98,9303300
VIX,2023-03-16,7.0,7.1,7.18,7.0,6493700
VIX,2023-03-15,7.2,6.98,7.2,6.89,15321100
VIX,2023-03-14,6.73,6.78,6.84,6.69,4708400
VIX,2023-03-13,6.77,6.73,6.8,6.68,5951400
VIX,2023-03-10,6.81,6.89,6.91,6.81,2471200
VIX,2023-03-09,6.94,6.88,7.05,6.88,7017600
VIX,2023-03-08,6.85,6.7,6.86,6.68,3790800
VIX,2023-03-07,6.78,6.76,6.84,6.68,3621400
VIX,2023-03-06,6.75,6.75,6.9,6.75,2949000
VIX,2023-03-03,6.65,6.82,6.89,6.65,3256800
VIX,2023-03-02,6.8,6.98,6.98,6.79,3310700
VIX,2023-03-01,6.92,6.6,6.92,6.53,5212900
VIX,2023-02-28,6.57,6.7,6.79,6.57,7761900
VIX,2023-02-27,6.6,6.68,6.74,6.58,12983000
VIX,2023-02-24,6.78,7.08,7.08,6.78,12660100
VIX,2023-02-23,7.0,6.99,7.01,6.68,12515600
VIX,2023-02-22,7.03,7.05,7.28,7.02,12580900
VIX,2023-02-21,7.45,7.75,7.76,7.45,8565500
VIX,2023-02-20,7.64,7.21,7.65,7.21,8203100
VIX,2023-02-17,7.19,7.11,7.35,7.11,7373600
VIX,2023-02-16,7.18,6.95,7.19,6.95,6314000
VIX,2023-02-15,6.85,6.7,6.97,6.7,5332800
VIX,2023-02-14,6.76,6.7,6.79,6.65,4065000
VIX,2023-02-13,6.66,7.09,7.09,6.66,14992300
VIX,2023-02-10,7.16,7.4,7.44,7.16,7731700
VIX,2023-02-09,7.43,7.45,7.55,7.37,4456400
VIX,2023-02-08,7.44,7.4,7.55,7.26,6536000
VIX,2023-02-07,7.33,7.59,7.72,7.31,10678300
VIX,2023-02-06,7.6,7.25,7.6,7.2,6366700
VIX,2023-02-03,7.33,7.3,7.41,7.21,7248900
VIX,2023-02-02,7.25,7.4,7.45,7.22,11010000
VIX,2023-02-01,7.35,7.99,8.04,7.35,20265900
VIX,2023-01-31,7.9,7.77,7.9,7.46,16705900
VIX,2023-01-30,7.77,8.0,8.05,7.77,14735800
VIX,2023-01-27,8.0,7.82,8.14,7.77,13359500
VIX,2023-01-19,7.75,7.45,7.78,7.43,14144400
VIX,2023-01-18,7.6,7.65,7.69,7.47,10396000
VIX,2023-01-17,7.6,7.3,7.6,7.25,10437500
VIX,2023-01-16,7.25,7.29,7.32,7.09,6767700
VIX,2023-01-13,7.29,7.18,7.45,7.18,14464500
VIX,2023-01-12,7.15,7.06,7.19,7.05,6748300
VIX,2023-01-11,7.04,7.08,7.3,7.04,8038500
VIX,2023-01-10,7.0,7.07,7.1,6.82,6650200
VIX,2023-01-09,7.05,7.12,7.15,7.05,7561100
VIX,2023-01-06,7.03,7.16,7.34,7.01,10139400
VIX,2023-01-05,7.13,7.07,7.19,6.91,9044500
VIX,2023-01-04,6.96,7.1,7.29,6.96,11718600
VIX,2023-01-03,6.95,6.52,6.95,6.51,9767400
VIX,2022-12-30,6.5,6.75,6.77,6.5,6527000
VIX,2022-12-29,6.68,6.73,6.88,6.65,5500400
VIX,2022-12-28,6.8,6.9,6.97,6.74,6315900
VIX,2022-12-27,6.91,6.39,6.91,6.31,10954700
VIX,2022-12-26,6.46,6.92,6.94,6.46,14373000
VIX,2022-12-23,6.94,7.15,7.28,6.9,8404500
VIX,2022-12-22,7.2,7.3,7.35,6.81,13229000
VIX,2022-12-21,7.18,7.9,7.94,7.18,20827400
VIX,2022-12-20,7.72,8.3,8.39,7.72,25567600
VIX,2022-12-19,8.3,8.4,8.84,8.28,25340100
VIX,2022-12-16,8.3,8.12,8.38,8.05,14015800
VIX,2022-12-15,8.27,8.25,8.48,8.03,12745900
VIX,2022-12-14,8.42,8.65,8.68,8.3,14168900
VIX,2022-12-13,8.43,7.92,8.43,7.69,15955700
VIX,2022-12-12,7.89,8.6,8.88,7.89,21521500
VIX,2022-12-09,8.46,8.38,8.47,8.1,23665600
VIX,2022-12-08,7.98,7.66,7.98,7.64,18948700
VIX,2022-12-07,7.46,7.97,7.99,7.46,20636300
VIX,2022-12-06,8.02,8.46,8.62,8.02,24702700
VIX,2022-12-05,8.62,8.9,8.94,8.51,21778500
VIX,2022-12-02,8.55,7.85,8.55,7.67,19022500
VIX,2022-12-01,8.0,8.05,8.41,7.83,24992800
VIX,2022-11-30,7.86,7.76,8.03,7.5,15304300
VIX,2022-11-29,7.74,7.6,8.09,7.28,18053400
VIX,2022-11-28,7.6,7.5,7.76,7.01,34946500
VIX,2022-11-25,7.37,7.27,7.37,7.05,13102900
VIX,2022-11-24,6.89,6.38,6.89,6.25,10819900
VIX,2022-11-23,6.44,6.74,6.97,6.44,9753200
VIX,2022-11-22,6.85,6.7,7.27,6.59,18308600
VIX,2022-11-21,6.8,6.65,6.87,6.43,13185800
VIX,2022-11-18,6.47,6.1,6.47,5.71,19700600
VIX,2022-11-17,6.05,5.87,6.05,5.86,6042300
VIX,2022-11-16,5.66,4.92,5.66,4.92,15305400
VIX,2022-11-15,5.29,5.32,5.49,5.29,7867300
VIX,2022-11-14,5.68,5.9,5.93,5.68,13073600
VIX,2022-11-11,6.1,6.61,6.78,6.1,10411700
VIX,2022-11-10,6.51,6.8,6.92,6.51,5490700
VIX,2022-11-09,7.0,7.1,7.27,6.88,6035000
VIX,2022-11-08,6.96,6.3,6.96,6.25,7369700
VIX,2022-11-07,6.53,7.03,7.15,6.53,10233000
VIX,2022-11-04,7.02,7.5,7.5,7.02,13098100
VIX,2022-11-03,7.54,7.3,7.64,7.3,8329900
VIX,2022-11-02,7.54,7.68,7.75,7.48,8592900
VIX,2022-11-01,7.68,7.65,7.86,7.54,12930300
VIX,2022-10-31,7.5,7.21,7.6,6.91,10665400
VIX,2022-10-28,7.21,7.05,7.21,7.0,16794300
VIX,2022-10-27,6.74,6.45,6.74,6.4,9401800
VIX,2022-10-26,6.3,6.75,6.89,6.3,4443100
VIX,2022-10-25,6.6,6.37,7.2,6.27,10953000
VIX,2022-10-24,6.74,7.23,7.24,6.74,10960200
VIX,2022-10-21,7.24,7.8,7.84,7.24,11962600
VIX,2022-10-20,7.78,8.0,8.07,7.7,7646200
VIX,2022-10-19,8.09,8.35,8.39,8.04,7808800
VIX,2022-10-18,8.27,8.59,8.6,8.27,11001400
VIX,2022-10-17,8.3,7.91,8.3,7.86,12922100
VIX,2022-10-14,7.91,7.9,7.91,7.74,9864100
VIX,2022-10-13,7.4,7.69,7.75,7.35,7754600
VIX,2022-10-12,7.6,7.1,7.99,7.1,10069300
VIX,2022-10-11,7.56,8.1,8.1,7.56,6802400
VIX,2022-10-10,8.12,7.6,8.25,7.49,8505400
VIX,2022-10-07,7.98,8.11,8.48,7.98,17161100
VIX,2022-10-06,8.57,9.21,9.22,8.57,11418200
VIX,2022-10-05,9.21,8.85,9.22,8.84,7693700
VIX,2022-10-04,8.63,9.35,9.35,8.63,9083600
VIX,2022-10-03,9.12,9.75,9.78,9.12,5927700
VIX,2022-09-30,9.8,9.25,9.8,8.79,9100500
VIX,2022-09-29,9.3,10.3,10.35,9.3,8209700
VIX,2022-09-28,10.0,10.0,10.3,9.95,8034700
VIX,2022-09-27,10.1,10.55,10.6,10.05,8135200
VIX,2022-09-26,10.4,10.75,10.85,10.3,14771100
VIX,2022-09-23,11.05,11.45,11.5,11.0,7110600
VIX,2022-09-22,11.4,10.9,11.55,10.9,8012800
VIX,2022-09-21,11.15,11.45,11.5,11.05,4384200
VIX,2022-09-20,11.5,11.3,11.5,10.5,9654700
VIX,2022-09-19,11.15,11.85,11.95,11.15,6768000
VIX,2022-09-16,11.95,12.0,12.15,11.6,5887900
VIX,2022-09-15,12.1,12.5,12.5,12.1,3881300
VIX,2022-09-14,12.35,11.6,12.4,11.6,6235500
VIX,2022-09-13,12.0,12.2,12.2,11.85,4059100
VIX,2022-09-12,12.1,12.5,12.55,12.05,2888400
VIX,2022-09-09,12.3,12.2,12.3,11.45,5845400
VIX,2022-09-08,12.0,12.4,12.45,11.95,8525900
VIX,2022-09-07,12.2,13.05,13.2,12.15,11008900
VIX,2022-09-06,13.05,13.6,13.65,13.05,8523300
VIX,2022-09-05,13.4,13.6,13.8,13.4,4375100
VIX,2022-08-31,13.6,13.2,13.65,13.1,7019800
VIX,2022-08-30,13.4,14.05,14.1,13.4,6384000
VIX,2022-08-29,13.8,13.65,13.8,13.15,14182900
VIX,2022-08-26,14.1,14.5,14.65,14.1,8237800
VIX,2022-08-25,15.0,14.95,15.3,14.9,9602300
VIX,2022-08-24,14.95,15.05,15.2,14.85,9339500
VIX,2022-08-23,15.0,14.7,15.0,14.3,10857800
VIX,2022-08-22,14.85,14.65,15.15,14.5,11429800
VIX,2022-08-19,14.65,14.4,14.95,14.4,11380600
VIX,2022-08-18,14.4,13.9,14.55,13.8,11684100
VIX,2022-08-17,14.0,14.0,14.3,13.85,9177100
VIX,2022-08-16,14.0,13.9,14.15,13.75,6334300
VIX,2022-08-15,13.9,14.1,14.3,13.85,11103400
VIX,2022-08-12,13.65,12.8,13.65,12.8,16525400
VIX,2022-08-11,12.8,13.6,13.75,12.65,13368000
VIX,2022-08-10,13.3,13.1,13.6,13.0,8531900
VIX,2022-08-09,13.3,13.05,13.35,12.9,8497200
VIX,2022-08-08,13.2,13.0,13.5,12.9,13347000
VIX,2022-08-05,12.8,11.9,12.8,11.9,12129200
VIX,2022-08-04,12.0,12.35,12.35,11.85,8897600
VIX,2022-08-03,11.95,11.6,12.0,11.55,7512500
VIX,2022-08-02,11.75,11.85,12.1,11.65,8454100
VIX,2022-08-01,11.8,11.2,11.85,11.1,11577400
VIX,2022-07-29,11.1,11.1,11.3,11.0,6276700
VIX,2022-07-28,11.1,10.95,11.25,10.8,7983100
VIX,2022-07-27,10.7,10.35,10.75,10.35,4017000
VIX,2022-07-26,10.55,10.65,10.7,10.5,2811600
VIX,2022-07-25,10.65,10.65,10.9,10.4,6262100
VIX,2022-07-22,10.75,11.0,11.05,10.65,5315100
VIX,2022-07-21,10.95,11.1,11.2,10.85,4772800
VIX,2022-07-20,11.2,10.9,11.3,10.8,7581100
VIX,2022-07-19,10.7,10.8,10.9,10.45,5876600
VIX,2022-07-18,11.3,11.1,11.5,11.05,7058600
VIX,2022-07-15,10.95,11.05,11.3,10.95,7255600
VIX,2022-07-14,11.1,10.45,11.2,10.4,9094100
VIX,2022-07-13,10.55,10.55,10.75,10.4,5916100
VIX,2022-07-12,10.45,10.2,10.45,10.05,5182100
VIX,2022-07-11,10.1,10.45,10.65,9.95,7088300
VIX,2022-07-08,10.5,10.3,10.6,10.1,6561700
VIX,2022-07-07,10.05,9.99,10.25,9.9,4759200
VIX,2022-07-06,9.97,9.94,10.35,9.85,6736100
VIX,2022-07-05,10.2,10.1,10.5,9.8,8001300
VIX,2022-07-04,10.1,9.9,10.2,9.8,7298300
VIX,2022-07-01,9.57,9.0,9.57,8.95,7744800
VIX,2022-06-30,8.95,9.68,9.85,8.95,5308200
VIX,2022-06-29,9.61,9.45,9.79,9.45,4782600
VIX,2022-06-28,9.61,9.75,9.97,9.56,5032400
VIX,2022-06-27,9.75,9.18,9.75,9.11,4481600
VIX,2022-06-24,9.12,9.1,9.29,9.03,3895700
VIX,2022-06-23,9.1,8.85,9.25,8.7,4869100
VIX,2022-06-22,8.65,8.5,8.65,8.39,6019100
VIX,2022-06-21,8.09,7.82,8.78,7.71,5787100
VIX,2022-06-20,8.27,8.8,9.16,8.27,6658600
VIX,2022-06-17,8.89,9.0,9.35,8.89,11650600
VIX,2022-06-16,9.55,10.5,10.6,9.54,7922100
VIX,2022-06-15,10.25,11.25,11.25,10.25,8433700
VIX,2022-06-14,11.0,11.2,11.55,10.85,5356400
VIX,2022-06-13,11.5,11.7,12.1,11.5,8690300
VIX,2022-06-10,12.35,12.3,12.8,12.15,8666500
VIX,2022-06-09,12.5,12.6,12.7,12.45,5010900
VIX,2022-06-08,12.45,12.0,12.6,11.95,6285300
VIX,2022-06-07,11.8,12.0,12.1,11.4,7556600
VIX,2022-06-06,12.1,12.55,12.75,12.1,7560400
VIX,2022-06-03,12.55,12.6,12.9,12.2,6727000
VIX,2022-06-02,12.7,12.95,13.2,12.6,8794000
VIX,2022-06-01,12.95,13.1,13.25,12.65,6240800
VIX,2022-05-31,13.1,13.0,13.2,12.75,7675900
VIX,2022-05-30,13.1,13.0,13.4,12.9,7516100
VIX,2022-05-27,13.05,13.0,13.2,12.8,6687700
VIX,2022-05-26,13.0,13.0,13.5,12.8,10277600
VIX,2022-05-25,12.8,12.1,12.8,12.1,9662200
VIX,2022-05-24,12.0,11.9,12.05,11.2,8148300
VIX,2022-05-23,11.95,12.75,12.85,11.85,8774600
VIX,2022-05-20,12.7,12.9,13.2,12.5,7018500
VIX,2022-05-19,12.65,12.0,12.95,12.0,9725200
VIX,2022-05-18,12.55,12.3,12.55,12.1,5256700
VIX,2022-05-17,11.75,10.8,11.75,10.8,3380500
VIX,2022-05-16,11.0,11.3,11.6,11.0,4978000
VIX,2022-05-13,10.85,11.5,11.8,10.85,5848300
VIX,2022-05-12,11.65,12.4,12.65,11.65,3386300
VIX,2022-05-11,12.5,12.7,12.8,12.0,2434000
VIX,2022-05-10,12.5,12.1,13.0,12.1,6333400
VIX,2022-05-09,13.0,13.5,13.5,13.0,4234300
VIX,2022-05-06,13.95,14.15,14.7,13.95,4426600
VIX,2022-05-05,15.0,15.3,15.5,14.9,2872100
VIX,2022-05-04,15.05,15.2,15.5,15.0,2507100
VIX,2022-04-29,15.5,15.0,15.7,14.7,4248100
VIX,2022-04-28,15.05,15.1,15.5,15.0,2946600
VIX,2022-04-27,15.2,15.2,15.5,14.85,2066000
VIX,2022-04-26,15.1,13.8,15.1,13.5,4433000
VIX,2022-04-25,14.25,15.5,15.75,14.25,3258000
VIX,2022-04-22,15.3,15.8,16.25,15.0,3169700
VIX,2022-04-21,15.5,14.8,16.35,14.8,7428700
VIX,2022-04-20,15.9,16.5,16.9,15.8,3262200
VIX,2022-04-19,16.5,17.45,17.9,16.3,3888900
VIX,2022-04-18,17.5,18.2,18.6,17.5,5405600
VIX,2022-04-15,18.8,19.75,20.0,18.8,5245200
VIX,2022-04-14,20.2,21.6,21.6,20.2,3609700
VIX,2022-04-13,21.5,20.4,21.7,19.6,4040900
VIX,2022-04-12,20.65,20.4,20.95,19.35,5637900
VIX,2022-04-08,20.4,21.8,21.9,20.4,12119200
VIX,2022-04-07,21.9,22.6,22.95,21.6,8841500
VIX,2022-04-06,22.6,22.95,23.5,22.25,14836200
VIX,2022-04-05,23.9,24.1,24.95,23.8,6667400
VIX,2022-04-04,24.4,23.4,24.6,23.2,12005800
VIX,2022-04-01,23.0,22.8,23.0,22.45,2937200
VIX,2022-03-31,22.55,22.7,23.3,22.5,2993300
VIX,2022-03-30,22.5,22.9,23.35,22.2,3858500
VIX,2022-03-29,23.25,22.7,23.5,22.55,4009400
VIX,2022-03-28,22.2,23.05,23.25,22.15,9281200
VIX,2022-03-25,23.5,23.9,23.95,23.5,5643300
VIX,2022-03-24,23.95,24.15,24.55,23.95,5437000
VIX,2022-03-23,24.0,23.35,24.2,23.05,12810000
VIX,2022-03-22,23.2,23.1,23.4,22.9,8792400
VIX,2022-03-21,23.0,23.05,23.3,22.95,6300400
VIX,2022-03-18,22.8,22.2,23.15,21.9,6473500
VIX,2022-03-17,21.95,22.3,22.3,21.9,1847600
VIX,2022-03-16,22.05,22.3,22.4,21.95,1521000
VIX,2022-03-15,22.0,21.75,22.3,21.75,2096300
VIX,2022-03-14,21.8,22.3,22.3,21.6,2930400
VIX,2022-03-11,22.4,22.8,22.9,22.1,3271200
VIX,2022-03-10,22.9,23.35,23.5,22.9,2632100
VIX,2022-03-09,22.85,23.0,23.3,22.5,3590200
VIX,2022-03-08,22.8,22.7,23.6,22.7,5297300
VIX,2022-03-07,23.05,22.9,23.35,22.65,3942000
VIX,2022-03-04,22.9,22.75,23.3,22.75,3146200
VIX,2022-03-03,22.55,22.5,22.65,22.1,3011500
VIX,2022-03-02,22.2,22.5,22.65,22.05,3074800
VIX,2022-03-01,22.65,22.8,22.95,22.55,3497500
VIX,2022-02-28,22.9,22.9,23.2,22.75,3402300
VIX,2022-02-25,23.3,23.0,23.65,22.55,5429100
VIX,2022-02-24,22.85,23.0,23.0,21.7,10102200
VIX,2022-02-23,27.95,28.2,28.2,27.5,11564300
VIX,2022-02-22,27.8,28.8,28.95,27.8,5432000
VIX,2022-02-21,29.2,28.6,29.4,28.5,6478300
VIX,2022-02-18,28.5,27.9,28.8,27.65,3950800
VIX,2022-02-17,28.2,28.95,28.95,28.0,2616900
VIX,2022-02-16,28.65,28.55,28.85,28.35,1726800
VIX,2022-02-15,28.25,28.2,29.0,27.6,1962800
VIX,2022-02-14,28.4,28.3,29.5,27.8,4594400
VIX,2022-02-11,28.35,27.65,28.9,27.65,3019200
VIX,2022-02-10,27.45,27.2,28.0,26.95,2517700
VIX,2022-02-09,27.2,26.7,27.65,26.55,2543400
VIX,2022-02-08,26.6,26.9,27.0,25.8,1800800
VIX,2022-02-07,27.1,26.5,27.25,26.1,2248000
VIX,2022-01-28,25.8,25.2,25.85,25.0,2252500
VIX,2022-01-27,24.9,24.1,24.95,23.2,2352700
VIX,2022-01-26,24.1,24.7,25.3,24.1,2905800
VIX,2022-01-25,24.6,23.4,25.0,23.4,4122700
VIX,2022-01-24,24.95,26.1,26.3,24.95,4290500
VIX,2022-01-21,26.8,27.8,27.95,26.8,3217800
VIX,2022-01-20,27.45,26.7,27.8,26.6,2322200
VIX,2022-01-19,26.4,27.0,27.6,26.3,3084800
VIX,2022-01-18,26.6,27.0,27.8,26.6,7524200
VIX,2022-01-17,28.6,30.8,31.25,28.6,9027000
VIX,2022-01-14,30.75,29.8,31.5,29.6,4081800
VIX,2022-01-13,30.5,32.0,32.4,30.3,5788000
VIX,2022-01-12,32.0,32.0,33.0,30.2,8295700
VIX,2022-01-11,32.15,33.8,33.8,32.0,5141000
VIX,2022-01-10,33.0,34.95,35.6,33.0,7506900
VIX,2022-01-07,34.6,32.6,35.0,32.6,9756900
VIX,2022-01-06,32.8,33.0,33.25,32.4,5728800
VIX,2022-01-05,33.2,33.4,33.95,33.05,6366800
VIX,2022-01-04,33.3,33.5,34.0,32.85,5597400
VIX,2021-12-31,33.0,33.6,34.5,33.0,5897900
VIX,2021-12-30,33.1,31.2,33.1,31.1,8765100
VIX,2021-12-29,30.95,30.95,31.6,30.5,3358800
VIX,2021-12-28,30.95,31.6,31.6,30.8,4049900
VIX,2021-12-27,31.4,32.25,32.25,30.7,2740200
VIX,2021-12-24,30.2,29.8,30.5,29.5,4223800
VIX,2021-12-23,29.6,31.1,31.4,29.05,8831100
VIX,2021-12-22,31.1,32.4,32.85,31.0,7362800
VIX,2021-12-21,32.4,32.2,32.9,32.15,4247800
VIX,2021-12-20,32.6,32.8,33.45,32.0,5644900
VIX,2021-12-17,32.4,31.6,32.4,31.6,5746600
VIX,2021-12-16,31.55,32.6,32.6,31.3,5348800
VIX,2021-12-15,32.0,33.0,33.25,32.0,5252600
VIX,2021-12-14,33.2,32.8,33.95,32.3,7366200
VIX,2021-12-13,32.6,32.15,32.9,31.7,4516800
VIX,2021-12-10,32.05,32.0,32.8,31.75,6849000
VIX,2021-12-09,31.7,29.6,31.7,29.25,5878300
VIX,2021-12-08,30.0,31.6,31.7,30.0,5292300
VIX,2021-12-07,31.4,31.25,32.2,29.6,12042700
VIX,2021-12-06,31.25,32.6,33.3,31.25,10707000
VIX,2021-12-03,33.55,36.1,36.5,33.55,19976300
VIX,2021-12-02,36.05,36.6,36.8,35.8,9421300
VIX,2021-12-01,36.6,36.2,37.4,36.2,7696800
VIX,2021-11-30,36.55,36.6,37.6,35.85,9944400
VIX,2021-11-29,35.85,32.9,35.85,32.7,18524600
VIX,2021-11-26,33.55,34.0,34.6,33.1,11951600
VIX,2021-11-25,33.5,31.8,34.0,31.3,24712700
VIX,2021-11-24,33.0,34.5,34.7,33.0,7637300
VIX,2021-11-23,33.0,31.6,33.3,30.0,9378000
VIX,2021-11-22,32.0,34.05,35.4,32.0,10174200
VIX,2021-11-19,33.9,34.0,34.65,30.5,11810000
VIX,2021-11-18,32.4,31.0,32.4,30.5,8159800
VIX,2021-11-17,30.3,30.2,31.2,29.5,5930500
VIX,2021-11-16,30.2,30.85,30.85,29.5,4872600
VIX,2021-11-15,30.9,30.0,30.95,29.0,7153000
VIX,2021-11-12,28.95,29.6,29.7,28.1,7145200
VIX,2021-11-11,29.6,29.5,30.6,28.05,8962800
VIX,2021-11-10,29.85,30.0,30.0,29.1,3786000
VIX,2021-11-09,29.1,28.5,29.3,28.0,8639800
VIX,2021-11-08,27.95,26.5,27.95,26.3,7619100
VIX,2021-11-05,26.15,26.5,26.75,25.65,6058200
VIX,2021-11-04,25.65,24.2,25.65,24.0,6943200
VIX,2021-11-03,24.0,25.5,25.65,24.0,10187100
VIX,2021-11-02,24.95,24.2,25.2,24.0,6413900
VIX,2021-11-01,23.75,22.8,23.75,22.55,6836500
VIX,2021-10-29,22.2,21.9,22.3,21.5,6828700
VIX,2021-10-28,21.4,21.0,21.7,20.95,5384200
VIX,2021-10-27,20.9,20.8,20.95,20.5,3964900
VIX,2021-10-26,20.75,20.55,21.05,20.1,3024200
VIX,2021-10-25,20.8,21.6,21.6,20.8,3899500
VIX,2021-10-22,21.2,20.8,21.45,20.8,5327500
VIX,2021-10-21,20.6,20.4,20.8,20.05,3616900
VIX,2021-10-20,20.4,20.55,20.95,19.8,5213100
VIX,2021-10-19,20.55,20.6,21.25,20.25,5930400
VIX,2021-10-18,20.0,18.8,20.0,18.8,9036800
VIX,2021-10-15,18.7,18.9,18.95,18.6,2432900
VIX,2021-10-14,18.8,18.6,18.95,18.6,2088500
VIX,2021-10-13,18.7,19.0,19.2,18.65,2204300
VIX,2021-10-12,18.9,18.25,19.3,18.25,5453700
VIX,2021-10-11,18.25,18.0,18.25,17.95,2766100
VIX,2021-10-08,17.95,18.2,18.25,17.95,2797500
VIX,2021-10-07,18.1,18.05,18.3,17.95,2201800
VIX,2021-10-06,18.05,18.4,18.55,18.05,1617900
VIX,2021-10-05,18.35,17.8,18.5,17.6,2859900
VIX,2021-10-04,17.55,17.7,17.8,17.35,2126400
VIX,2021-10-01,17.65,17.6,17.9,17.6,1558200
VIX,2021-09-30,17.9,17.8,18.1,17.8,1014300
VIX,2021-09-29,17.7,18.0,18.0,17.55,1358800
VIX,2021-09-28,18.0,17.6,18.15,17.4,2096800
VIX,2021-09-27,17.9,18.65,18.9,17.9,2627100
VIX,2021-09-24,18.65,18.75,19.1,18.65,1656200
VIX,2021-09-23,18.75,18.8,19.4,18.5,3411700
VIX,2021-09-22,18.65,18.6,18.8,18.35,2208700
VIX,2021-09-21,18.6,18.6,18.9,18.35,2809700
VIX,2021-09-20,19.0,19.65,19.8,18.9,3003400
VIX,2021-09-17,19.45,19.45,19.8,19.15,3209400
VIX,2021-09-16,18.85,18.9,19.1,18.65,1600200
VIX,2021-09-15,18.8,18.0,18.9,18.0,3261400
VIX,2021-09-14,18.4,18.65,18.75,18.3,3646600
VIX,2021-09-13,19.0,19.5,19.55,18.95,3034700
VIX,2021-09-10,19.6,19.65,19.75,19.5,2800000
VIX,2021-09-09,19.6,20.7,20.75,19.05,11534500
VIX,2021-09-08,19.5,19.5,19.5,19.5,1466200
VIX,2021-09-07,18.25,18.25,18.25,18.25,611600
VIX,2021-09-06,26.75,27.05,27.95,26.75,10275300
VIX,2021-09-01,27.0,27.1,27.35,26.9,6641500
VIX,2021-08-31,27.5,28.7,28.7,27.5,6082500
VIX,2021-08-30,28.7,29.2,29.3,28.6,4240500
VIX,2021-08-27,28.1,26.3,28.1,25.65,6261900
VIX,2021-08-26,26.3,27.6,28.6,26.3,4204000
VIX,2021-08-25,27.6,28.5,28.5,26.8,4966000
VIX,2021-08-24,28.65,30.9,31.5,28.65,10549500
VIX,2021-08-23,30.8,29.5,31.2,29.5,7469900
VIX,2021-08-20,29.5,30.0,30.05,28.1,13701800
VIX,2021-08-19,28.1,26.65,28.1,26.6,6117800
VIX,2021-08-18,26.3,24.3,26.3,24.1,7827200
VIX,2021-08-17,24.6,25.0,25.1,24.3,5228900
VIX,2021-08-16,24.05,23.2,24.05,23.05,5670200
VIX,2021-08-13,22.5,22.7,22.7,22.1,3284600
VIX,2021-08-12,22.7,22.65,23.0,22.6,3052200
VIX,2021-08-11,23.05,23.5,23.5,23.05,2819400
VIX,2021-08-10,23.5,23.6,23.7,23.1,3205200
VIX,2021-08-09,23.55,22.9,23.8,22.85,2400800
VIX,2021-08-06,23.2,23.0,23.9,23.0,3358100
VIX,2021-08-05,22.75,22.0,22.75,21.85,3645100
VIX,2021-08-04,22.15,22.0,22.45,21.8,3005700
VIX,2021-08-03,21.8,21.8,22.0,21.5,2231900
VIX,2021-08-02,21.9,22.2,22.25,21.7,2118400
VIX,2021-07-30,22.2,21.8,22.7,21.55,2662100
VIX,2021-07-29,21.7,21.8,22.0,21.45,1452600
VIX,2021-07-28,21.7,21.7,22.0,21.5,3066400
VIX,2021-07-27,22.1,22.5,22.75,21.9,2631900
VIX,2021-07-26,22.5,21.6,22.7,21.25,2708300
VIX,2021-07-23,21.75,20.35,21.75,20.0,6588500
VIX,2021-07-22,20.35,20.4,20.55,19.7,2540300
VIX,2021-07-21,20.4,21.0,21.0,20.1,2020900
VIX,2021-07-20,20.55,19.7,20.7,19.2,5155200
VIX,2021-07-19,20.6,20.7,21.3,20.6,3186400
VIX,2021-07-16,22.1,22.3,22.5,21.85,2014500
VIX,2021-07-15,22.3,21.75,22.5,21.6,1965600
VIX,2021-07-14,21.75,21.65,22.55,21.0,3629000
VIX,2021-07-13,21.4,22.4,22.55,20.8,4779200
VIX,2021-07-12,22.35,23.1,23.45,22.35,3111200
VIX,2021-07-09,24.0,25.0,25.5,23.9,4080500
VIX,2021-07-08,25.6,26.6,26.6,25.5,1895500
VIX,2021-07-07,26.5,25.9,26.5,24.3,4765200
VIX,2021-07-06,25.9,27.7,27.7,25.9,6419500
VIX,2021-07-05,27.75,28.4,28.45,27.5,4191300
VIX,2021-07-02,28.45,28.9,29.0,28.2,4438300
VIX,2021-07-01,28.5,28.2,29.1,27.8,5020900
VIX,2021-06-30,28.25,28.65,28.8,28.25,3996000
VIX,2021-06-29,28.85,29.3,29.75,28.75,5649700
VIX,2021-06-28,29.3,30.35,30.5,29.3,5324200
VIX,2021-06-25,29.6,29.3,29.95,28.6,3209600
VIX,2021-06-24,28.9,29.35,29.4,28.9,2393700
VIX,2021-06-23,29.15,29.6,30.2,29.0,2892300
VIX,2021-06-22,29.7,30.65,31.0,29.65,3561500
VIX,2021-06-21,30.1,28.65,30.45,28.6,6626500
VIX,2021-06-18,28.5,28.15,28.8,28.15,2982600
VIX,2021-06-17,28.05,27.9,28.2,27.5,2789300
VIX,2021-06-16,28.25,28.45,28.9,28.0,2770700
VIX,2021-06-15,28.45,28.3,29.0,28.25,3361600
VIX,2021-06-14,28.25,27.75,28.95,27.25,5030000
VIX,2021-06-11,27.75,28.0,28.2,27.1,3401400
VIX,2021-06-10,27.05,27.5,28.2,26.9,3648800
VIX,2021-06-09,27.5,27.2,28.85,26.0,7420500
VIX,2021-06-08,27.85,29.5,29.65,27.85,6156400
VIX,2021-06-07,29.9,31.25,31.3,29.0,7282300
VIX,2021-06-04,31.0,32.5,32.75,30.1,8296300
VIX,2021-06-03,32.3,30.9,32.75,30.9,8538100
VIX,2021-06-02,30.7,29.25,30.95,29.1,6074400
VIX,2021-06-01,30.4,29.35,30.75,29.35,6575100
VIX,2021-05-31,28.75,27.0,28.75,27.0,8932500
VIX,2021-05-28,26.9,26.5,26.9,26.05,5169000
VIX,2021-05-27,26.5,27.4,27.45,26.3,2410800
VIX,2021-05-26,27.4,26.8,27.85,26.5,4350300
VIX,2021-05-25,27.2,27.0,27.2,26.5,3197200
VIX,2021-05-24,27.2,27.0,27.2,26.05,4417700
VIX,2021-05-21,26.8,27.05,27.9,26.7,2543300
VIX,2021-05-20,27.9,26.4,28.05,26.4,4843800
VIX,2021-05-19,26.35,25.7,26.4,25.4,2730500
VIX,2021-05-18,25.05,26.2,26.5,24.8,8274700
VIX,2021-05-17,26.55,28.1,28.35,26.5,6786900
VIX,2021-05-14,28.0,27.85,28.9,27.85,4570100
VIX,2021-05-13,27.85,28.55,28.55,27.85,6372000
VIX,2021-05-12,28.55,29.0,29.1,27.95,7616100
VIX,2021-05-11,29.4,30.15,30.2,29.0,6543800
VIX,2021-05-10,30.1,30.6,30.8,29.9,8264100
VIX,2021-05-07,30.6,30.25,31.25,30.25,8000900
VIX,2021-05-06,30.25,30.05,30.8,29.95,4035100
VIX,2021-05-05,30.0,31.15,31.15,29.9,9117300
VIX,2021-05-04,31.75,33.0,33.0,31.75,9321700
VIX,2021-04-29,34.1,33.9,34.8,32.95,10145700
VIX,2021-04-28,33.95,34.85,35.3,33.95,10243700
VIX,2021-04-27,35.05,33.55,35.15,32.55,15593000
VIX,2021-04-26,34.35,33.9,35.0,33.45,11024800
VIX,2021-04-23,33.85,31.65,33.85,31.6,13639700
VIX,2021-04-22,31.65,29.5,31.65,29.2,17688000
VIX,2021-04-20,29.6,29.65,30.1,29.25,4819700
VIX,2021-04-19,29.6,28.8,29.65,28.3,4975200
VIX,2021-04-16,28.8,29.0,29.35,27.95,5691000
VIX,2021-04-15,29.25,30.15,30.15,29.25,5152100
VIX,2021-04-14,30.1,29.7,30.35,29.55,5198900
VIX,2021-04-13,30.0,30.75,30.75,29.5,6634600
VIX,2021-04-12,30.9,31.1,31.25,30.5,5260300
VIX,2021-04-09,31.25,31.25,31.5,30.85,3767800
VIX,2021-04-08,31.4,30.8,31.5,30.8,5598200
VIX,2021-04-07,30.8,30.8,30.85,30.0,4532800
VIX,2021-04-06,30.75,30.6,31.2,29.95,6179300
VIX,2021-04-05,31.0,31.3,31.35,30.1,6614800
VIX,2021-04-02,31.3,32.05,32.25,30.5,5286200
VIX,2021-04-01,31.95,31.0,32.1,30.85,4302000
VIX,2021-03-31,30.95,30.0,31.8,28.95,7887000
VIX,2021-03-30,30.0,31.3,31.45,29.85,9769200
VIX,2021-03-29,32.05,33.05,33.05,31.95,5481100
VIX,2021-03-26,33.0,33.8,33.8,31.45,6447200
VIX,2021-03-25,33.8,31.8,34.0,30.1,12478600
VIX,2021-03-24,31.8,33.55,33.6,31.7,8392300
VIX,2021-03-23,34.05,35.6,35.6,33.3,7267200
VIX,2021-03-22,35.6,36.15,36.2,34.5,8022600
VIX,2021-03-19,36.05,37.35,37.35,35.0,9668100
VIX,2021-03-18,37.35,38.95,39.1,36.9,7047300
VIX,2021-03-17,38.85,39.0,39.5,37.95,7192500
VIX,2021-03-16,39.0,41.45,41.45,38.55,7723600
VIX,2021-03-15,41.45,38.85,41.45,38.8,8765500
VIX,2021-03-12,38.75,36.35,38.75,36.1,8782600
VIX,2021-03-11,36.25,36.2,36.35,35.0,6155700
VIX,2021-03-10,36.0,37.5,37.55,35.65,6086300
VIX,2021-03-09,37.55,40.2,40.25,37.4,7942400
VIX,2021-03-08,40.2,40.3,41.0,39.85,8958000
VIX,2021-03-05,40.15,38.85,40.2,36.95,8436100
VIX,2021-03-04,38.7,38.0,38.7,36.85,6189500
VIX,2021-03-03,37.65,35.5,37.65,35.15,8186500
VIX,2021-03-02,35.2,34.4,35.2,32.9,5252900
VIX,2021-03-01,34.15,34.85,35.1,33.0,4637500
VIX,2021-02-26,34.65,32.4,34.65,31.95,7261900
VIX,2021-02-25,32.4,30.45,32.4,29.95,5007600
VIX,2021-02-24,30.3,31.9,31.9,30.05,5647000
VIX,2021-02-23,31.9,30.0,31.9,29.3,7911200
VIX,2021-02-22,29.85,28.35,29.85,28.3,6571700
VIX,2021-02-19,27.9,26.0,27.9,25.55,6433800
VIX,2021-02-18,26.1,26.75,26.8,26.0,1920000
VIX,2021-02-17,26.75,26.3,26.9,26.3,1982400
VIX,2021-02-09,26.15,26.15,26.35,25.2,2844400
VIX,2021-02-08,25.25,25.25,26.35,24.9,3073900
VIX,2021-02-05,26.0,25.95,26.05,25.5,1692100
VIX,2021-02-04,25.8,26.2,26.45,25.5,2448200
VIX,2021-02-03,26.1,24.5,26.1,24.4,3050000
VIX,2021-02-02,24.4,23.1,24.4,22.5,3864300
VIX,2021-02-01,22.9,23.25,24.05,22.8,3911900
VIX,2021-01-29,22.95,19.95,22.95,19.95,2202500
VIX,2021-01-28,21.45,21.45,21.7,21.45,1943500
VIX,2021-01-27,23.05,24.75,25.1,23.05,3007400
VIX,2021-01-26,24.75,26.5,26.5,24.5,2428400
VIX,2021-01-25,26.2,27.25,27.25,25.5,3178300
VIX,2021-01-22,27.1,27.65,27.9,26.55,4398900
VIX,2021-01-21,27.6,27.25,27.7,27.0,3763100
VIX,2021-01-20,27.2,26.7,27.2,25.2,5723500
VIX,2021-01-19,27.05,28.9,28.9,26.7,5344700
VIX,2021-01-18,28.7,27.5,28.7,27.35,6137300
VIX,2021-01-15,26.85,25.75,26.85,25.4,5288100
VIX,2021-01-14,25.1,24.7,25.15,24.0,3526300
VIX,2021-01-13,24.7,25.1,25.1,24.35,3205600
VIX,2021-01-12,25.1,24.75,25.25,24.35,3057600
VIX,2021-01-11,24.75,25.3,25.3,24.4,3365300
VIX,2021-01-08,24.35,24.35,24.35,24.35,484900
